index, T_sto_HT [K], T_sto_LT [K], glide [K], W_dot_exp [W], p_ev [Pa], p_cd [Pa], rp_exp [-], Q_dot_cd [W], Q_dot_ev [W], eta_ORC [-], m_dot_w_cd [kg/s], m_dot_w_ev [kg/s], T_tap [K], Nb_exp [-], m_dot_r [kg/s]
1,45.0,319.15,1.0,178.95276763106585,187529.36132167102,59732.775490154585,3.139471752029678,8745.048102933686,9199.312368279727,0.019452841741532258,2.0904141948593216,2.2008916955536955,20.0,1.0,0.04256272054066743
2,45.0,0.0,1.0,0.0,0.0,0.0,0.0,0.0,0.0,0.0,0.0,0.0,0.0,2.0,0.0
3,45.0,0.0,1.0,0.0,0.0,0.0,0.0,0.0,0.0,0.0,0.0,0.0,0.0,3.0,0.0
4,45.0,321.15,3.0,-130.623691588031,235430.0537838828,114273.78388091332,2.060228039960841,11450.34105594516,11482.443107768175,-0.011375949383076902,0.9124993501978395,0.9157455616322686,20.0,1.0,0.05294151220985538
5,45.0,321.15,3.0,665.47576260494,217063.1718063683,62450.8882885542,3.4757419430677814,20210.831995418615,21422.179689041415,0.031064801633858306,1.6106394536782536,1.7084574934629557,20.0,2.0,0.09794565635308917
6,45.0,321.15,3.0,-402.6176083609354,235696.3884075325,114744.19330475524,2.054102971307087,34401.2916084743,34594.63393068794,-0.011638152008418407,2.741504037768421,2.758984493194509,20.0,3.0,0.15899718656376394
7,45.0,323.15,5.0,-184.5437437659184,227799.18835031267,114825.73252646673,1.9838688013403802,11104.859617758455,11087.096625868548,-0.0166449116475939,0.5310524995381262,0.5305496416178613,20.0,1.0,0.05129195719506883
8,45.0,323.15,5.0,-395.00859335024643,227761.36219448826,115965.85001410496,1.9640382247600099,22227.90175232293,22217.42087215683,-0.017779228094169857,1.0629745166865687,1.0631678499034083,20.0,2.0,0.10256755331951888
9,45.0,323.15,5.0,-561.8030137378785,227348.2960875124,114817.05503542836,1.9800916860074576,33252.22071547467,33297.42682302282,-0.016872265136999458,1.5901754307553086,1.5933781822134876,20.0,3.0,0.1535833414611384
10,45.0,325.15,7.0,-288.26158030610657,211570.55558792184,115030.47320822404,1.8392565872953024,10363.136511619185,10255.072239323483,-0.028109171108591128,0.3540304882107626,0.3505364478139595,20.0,1.0,0.04777920535711433
11,45.0,325.15,7.0,-600.9151231725963,211306.33170037172,115975.45322477134,1.82199185969845,20719.789321447377,20520.996616675176,-0.02928294051197777,0.7078394770609885,0.7014438408369648,20.0,2.0,0.0954439119260013
12,45.0,325.15,7.0,-985.7568117893975,206093.01736083344,115579.97221600925,1.7831204957867868,30353.847710906783,30071.78650766898,-0.03278012137848901,1.0369628453816857,1.0279066764051812,20.0,3.0,0.1397760000815455
13,45.0,327.15,9.0,-320.7984416144898,197953.21021226223,110333.2935091644,1.7941385044924814,9698.010133239924,9591.903343691736,-0.033444711661473094,0.2577123004450311,0.25501567521653973,20.0,1.0,0.044826159440616485
14,45.0,327.15,9.0,-686.3033957260404,203045.58548333886,115181.56023207116,1.7628306568710885,19950.261216831073,19674.78899747039,-0.03488237641655416,0.530152850124025,0.523084879106149,20.0,2.0,0.09186225071807609
15,45.0,327.15,9.0,-1031.87123589632,202919.92885533106,115183.49437067682,1.7617101301190425,29908.244549630217,29510.63716108948,-0.034966077833685966,0.7947736081177675,0.7845862069340929,20.0,3.0,0.1377116076168994
16,45.0,329.15,11.0,-429.78982800042354,187065.97947390785,115333.2119879134,1.6219610661108774,9357.913149740749,9126.901375940633,-0.04709044288934575,0.20348089858682444,0.19853864925196774,20.0,1.0,0.04302168189487601
17,45.0,329.15,11.0,-859.9892186044366,186771.71515416633,115512.3029077926,1.6168988969361677,18746.461516936473,18308.745512850135,-0.04697149883922121,0.40762793731369856,0.39827247538813937,20.0,2.0,0.08619357975473203
18,45.0,329.15,11.0,-1289.4011226986506,186521.3580362818,115343.08062378305,1.6171005406441539,28077.85338147742,27436.766310750383,-0.046995375041461514,0.610532150173932,0.5968354755687136,20.0,3.0,0.12911153365924902
19,45.0,331.15,13.0,-429.2790135570359,178655.82794385622,114897.88749163308,1.5549095970704077,9329.934596970466,9097.758007023276,-0.04718514311170308,0.17167613333192328,0.1674606692199852,20.0,1.0,0.043038644019880085
20,45.0,331.15,13.0,-646.7568610180094,174779.1880741767,97640.43204954205,1.7900288272536011,17060.39965114413,16860.707855228648,-0.03835882019730534,0.3139211121755078,0.31035178323929524,20.0,2.0,0.07957361039728228
21,45.0,331.15,13.0,-1077.5728024831592,173852.31103828957,100333.34137387664,1.7327471472364893,25539.205167351218,25162.320866555896,-0.042824857380918235,0.46993598357326305,0.4631579657525032,20.0,3.0,0.11875450409751745
22,45.0,0.0,15.0,0.0,0.0,0.0,0.0,0.0,0.0,0.0,0.0,0.0,0.0,1.0,0.0
23,45.0,0.0,15.0,0.0,0.0,0.0,0.0,0.0,0.0,0.0,0.0,0.0,0.0,2.0,0.0
24,45.0,0.0,15.0,0.0,0.0,0.0,0.0,0.0,0.0,0.0,0.0,0.0,0.0,3.0,0.0
25,45.0,335.15,17.0,-427.8617701326965,152862.87602413935,113697.1625864339,1.344473974079443,9257.71045775203,9019.137252230625,-0.04743932353694664,0.13028376912310394,0.1269536097006082,20.0,1.0,0.0431958084125288
26,45.0,335.15,17.0,-855.6734381036724,152625.8021477856,113675.65384207947,1.3426428350244326,18512.367420473896,18045.59467878877,-0.04741730341031386,0.2605245664073991,0.25401025836475877,20.0,2.0,0.08638716618489249
27,45.0,335.15,17.0,-1283.511810171468,152540.9827194025,113676.2705452308,1.3418894021396293,27769.01189546791,27074.003649093553,-0.04740753627749623,0.39079333395401517,0.38109437700926285,20.0,3.0,0.1295881341466604
28,45.0,337.15,19.0,-427.3070509544639,144202.8944490154,113226.76531755232,1.2735760316440057,9228.7343582503,8986.541846419332,-0.04754966462708049,0.11621128352266219,0.11317943430701574,20.0,1.0,0.04324381010314838
29,45.0,337.15,19.0,-854.5982334207251,144020.42439656513,113220.14500515681,1.2720388619004637,18456.813941610435,17979.649913792717,-0.04753141676941873,0.23241432190276737,0.22644156573888946,20.0,2.0,0.08649250278882176
30,45.0,337.15,19.0,-1281.7306420887107,143932.53778770994,113171.73182216944,1.2718064438023797,27673.315050524703,26961.87456078493,-0.047538632345428294,0.3484715602929329,0.33956662783050773,20.0,3.0,0.12968884340555253
31,50.0,324.15,1.0,-272.8302642534741,246197.11622548164,133060.57631059366,1.8502634142422587,11858.561475572476,11773.097807663853,-0.023174042100955933,2.8346676824833676,2.8158740268458597,20.0,1.0,0.05526690835868461
32,50.0,324.15,1.0,-551.8717241504374,245768.14349100788,133097.89895124952,1.8465215861974402,23678.513093322836,23554.80272866091,-0.023429265381999288,5.660106073840735,5.633806691722002,20.0,2.0,0.1103486110601679
33,50.0,0.0,1.0,0.0,0.0,0.0,0.0,0.0,0.0,0.0,0.0,0.0,0.0,3.0,0.0
34,50.0,0.0,3.0,0.0,0.0,0.0,0.0,0.0,0.0,0.0,0.0,0.0,0.0,1.0,0.0
35,50.0,0.0,3.0,0.0,0.0,0.0,0.0,0.0,0.0,0.0,0.0,0.0,0.0,2.0,0.0
36,50.0,326.15,3.0,292.94552972347697,272193.5343397017,114478.38426552463,2.3776849759546552,39457.81700872969,40318.75527353512,0.00726573843205333,3.144468117130601,3.2146679239258926,20.0,3.0,0.18262792524525936
37,50.0,328.15,5.0,0.9435768492659236,258284.21184697928,115319.25797453435,2.2397318226242446,12515.448160972357,12679.76721728713,7.4415944164928e-05,0.5985091444195852,0.6066211620827551,20.0,1.0,0.05787632563930953
38,50.0,328.15,5.0,68.18849069519365,262303.3890253218,114608.4297523418,2.2886919364669347,25389.536930364127,25812.45944357997,0.0026416890201508237,1.214169067695702,1.2349110102376644,20.0,2.0,0.11748692892166904
39,50.0,328.15,5.0,99.55372506568551,262198.186012591,114630.78366297581,2.2873278680836364,38070.32778969859,38740.654911005484,0.002569748118465705,1.8205851696337019,1.8534173931774451,20.0,3.0,0.17616230918032175
40,50.0,330.15,7.0,-29.802534208795066,252231.2881899902,114672.44275665197,2.1995806675650384,12229.080925457132,12346.44698521738,-0.0024138551151175855,0.4177757849232517,0.42193393387186273,20.0,1.0,0.056570116235099326
41,50.0,330.15,7.0,-62.11968127678108,251979.79649747215,114643.80759258993,2.1979363891413444,24434.353325582724,24735.452646524725,-0.0025113622202304333,0.8347382114740403,0.8453222901896743,20.0,2.0,0.11303166224267684
42,50.0,330.15,7.0,-98.64062861131185,251672.54816211117,114634.31261809006,2.1954381931051556,36608.64270425463,37092.40405671854,-0.002659321527407041,1.2506421810413475,1.26761520777229,20.0,3.0,0.1693485177388842
43,50.0,332.15,9.0,-159.92406968079956,231813.88114998143,114870.75676232539,2.018040863347131,11289.741363834388,11292.786249839704,-0.014161613099076377,0.3000105360099445,0.30017979594773453,20.0,1.0,0.052159970098847284
44,50.0,332.15,9.0,-193.8813999244004,241591.34694284064,114713.63714603861,2.1060385927374763,23476.53790104412,23655.29731970688,-0.008196109197193673,0.6238591737727732,0.6287945388688638,20.0,2.0,0.10854495243664246
45,50.0,332.15,9.0,-296.05477800812037,241457.66225574273,114794.87290465148,2.1033836803521466,35198.66400988489,35492.29398797396,-0.008341381881611659,0.9353597851468384,0.9434402928841638,20.0,3.0,0.16273081760154548
46,50.0,334.15,11.0,-234.1431822525258,221720.47538396192,115863.65880960942,1.9136326063058267,10835.753678952584,10772.244465236277,-0.02173578431200133,0.23561544760862033,0.23429165569297958,20.0,1.0,0.04997696757257265
47,50.0,334.15,11.0,-458.6164660945275,220877.20363226868,114958.0611788973,1.9213720322626213,21577.081473773524,21510.686379060047,-0.021320401311832413,0.46917767422175677,0.4678481205199663,20.0,2.0,0.09958894969197632
48,50.0,334.15,11.0,-689.7719904010357,220683.92241495737,114904.97490067547,1.920577612986016,32337.540204407866,32260.05488075282,-0.021381612429077778,0.7031558888813548,0.7016422339048897,20.0,3.0,0.14925793271108662
49,50.0,336.15,13.0,-291.21742397190565,211077.3032908254,115019.35846168968,1.8351458929509714,10340.47877312053,10229.832920964878,-0.02846746630388153,0.1902707242070694,0.18827253196013138,20.0,1.0,0.04767233188760793
50,50.0,336.15,13.0,-591.0145173096168,210525.04810845415,115094.78310626865,1.829145009240544,20631.87117177318,20443.614976378078,-0.02890949169178321,0.3796382310463916,0.376249659574863,20.0,2.0,0.09510533242176943
51,50.0,336.15,13.0,-888.0903639970049,210341.63107063196,115039.02442645046,1.828437194415819,30921.086317487076,30657.470956405472,-0.0289681547854961,0.5689656751862463,0.5642281477176108,20.0,3.0,0.14253876176582264
52,50.0,338.15,15.0,-357.887563217968,200742.0333146734,115214.64327588287,1.7423309017586779,9870.354612214103,9701.84527870573,-0.03688860757277628,0.15741599543483248,0.15475378599537948,20.0,1.0,0.045431386872464244
53,50.0,338.15,15.0,-723.6036338680792,200191.74862053638,115257.91268923019,1.736902429946942,19691.32245026762,19381.5905876358,-0.037334584620195795,0.31404435268226044,0.3091550561656846,20.0,2.0,0.09062396566427618
54,50.0,338.15,15.0,-1088.313214486148,200001.91647684516,115238.70071959794,1.7355447018054766,29510.48258003902,29060.292860455535,-0.03745018055090199,0.47064387994233087,0.4635396889044117,20.0,3.0,0.13581236940996397
55,50.0,340.15,17.0,-317.30931254254807,190924.8338099995,106096.68699663616,1.7995362458024051,9339.15981683857,9209.429878486168,-0.034454826925150214,0.13143000604019933,0.12962128469990208,20.0,1.0,0.04329976368163479
56,50.0,340.15,17.0,-824.4518699048651,190565.28483241386,114401.00418264086,1.665765840028615,18798.743538506467,18390.828445862368,-0.04482951229368643,0.26455473782120525,0.25884803308150456,20.0,2.0,0.08644325030568804
57,50.0,0.0,17.0,0.0,0.0,0.0,0.0,0.0,0.0,0.0,0.0,0.0,0.0,3.0,0.0
58,50.0,342.15,19.0,-429.38429687069413,179669.9449984322,114988.48761630508,1.5625037664462287,9336.489861444174,9104.492484470878,-0.04716180474673086,0.11756817655335124,0.11465862589982653,20.0,1.0,0.0430508908766248
59,50.0,342.15,19.0,-858.6805547253308,179193.95796483452,114950.67331669343,1.5588769756149965,18667.615807302613,18225.90482891303,-0.047113192062933726,0.23506880890283577,0.22953033428591274,20.0,2.0,0.0860938936659966
60,50.0,342.15,19.0,-1288.1225671169561,178990.84204855,114980.53829240052,1.5567055495371616,28009.576336650767,27358.272726982086,-0.0470834756262425,0.35270587392064684,0.3445400128803302,20.0,3.0,0.12918903581672642
61,55.0,0.0,1.0,0.0,0.0,0.0,0.0,0.0,0.0,0.0,0.0,0.0,0.0,1.0,0.0
62,55.0,329.15,1.0,378.9343348897869,286426.54186437954,114268.58032270131,2.5066080374455852,26904.05628382309,27749.876998505748,0.013655351874539532,6.431139142177042,6.63467207774791,20.0,2.0,0.12788495591067087
63,55.0,0.0,1.0,0.0,0.0,0.0,0.0,0.0,0.0,0.0,0.0,0.0,0.0,3.0,0.0
64,55.0,331.15,3.0,426.2888411552068,326234.9108816877,115528.27241870845,2.823853452073761,15693.464628960219,16207.056331721344,0.026302669184955618,1.250641898464999,1.2917466813142515,20.0,1.0,0.0725072759177464
65,55.0,331.15,3.0,865.8458280157208,325852.07952565,114717.01788069945,2.8404859675181022,31334.370747070887,32511.723954038724,0.026631803014806367,2.497095309725708,2.5912732492473607,20.0,2.0,0.1448501621168137
66,55.0,331.15,3.0,1295.5764850153328,325689.1917475174,114720.22973764523,2.838986571874368,46978.61232168282,48808.66184452001,0.02654398699030905,3.743814529827844,3.8901837364288294,20.0,3.0,0.21717018362180973
67,55.0,333.15,5.0,220.62861113319263,254026.51987935198,93234.56226956463,2.724596047814299,12102.068043901207,12744.005444740835,0.017312344387316714,0.5787406329762762,0.609487604818998,20.0,1.0,0.05696045507795315
68,55.0,333.15,5.0,712.514317864185,313601.06438727636,114660.4346723238,2.735041649575849,30179.74645313607,31208.836314385175,0.022830531413815126,1.4432447001612712,1.492576174494063,20.0,2.0,0.1395813828370432
69,55.0,333.15,5.0,1067.3513566276774,313530.0216876329,114662.70852545051,2.734367831700416,45259.67133566918,46861.46100140475,0.022776740925676258,2.1643913042038783,2.2411697600028684,20.0,3.0,0.20932623312556287
70,55.0,335.15,7.0,200.84729918125487,288807.77452128433,114591.3980985807,2.520326824818288,13927.720737902335,14245.8792275109,0.014098624309083641,0.47580554082002624,0.4866906393305553,20.0,1.0,0.06445521666652926
71,55.0,335.15,7.0,397.5075587385588,288483.9913758733,114596.43753049997,2.517390571579443,27825.307421420508,28555.696269409844,0.013920429569927418,0.9505816274807415,0.9755656251142113,20.0,2.0,0.1287709910125125
72,55.0,335.15,7.0,587.0800354916906,288261.8045426001,114745.44644548093,2.51218513215304,41711.27707201857,42847.77292222606,0.013701529751786927,1.424960847436897,1.4638345351922717,20.0,3.0,0.19301289377207967
73,55.0,337.15,9.0,121.5747595012208,276279.275602318,114634.9696548045,2.4100784990327666,13344.165862789707,13592.558500500882,0.008944214549213882,0.35460425744788304,0.36120326376298695,20.0,1.0,0.06175649567166599
74,55.0,337.15,9.0,334.06794936829965,274474.136292669,109543.52797901948,2.505617094468951,26420.006128697318,27111.46937762433,0.012322015627969357,0.7020781029977874,0.72044944476401,20.0,2.0,0.12273632945359925
75,55.0,337.15,9.0,347.1849160219339,275528.7097457077,114736.20380497702,2.4014103709936045,39930.71451678559,40836.58726317649,0.008501810246396383,1.0611080165057225,1.085175289100858,20.0,3.0,0.184784222805375
76,55.0,339.15,11.0,43.210383186096635,263531.0789275314,114482.01277016595,2.301943096131584,12750.459513235553,12931.006280866966,0.003341610254263953,0.2772493095022977,0.2811655500310597,20.0,1.0,0.05900827492608962
77,55.0,339.15,11.0,73.11309203859548,262897.3102848151,114721.85113795748,2.2916062430745723,25446.821037082245,25873.96639766932,0.0028257396224021293,0.5533222982462764,0.5625910184924992,20.0,2.0,0.11774310435946148
78,55.0,339.15,11.0,-103.40621265902996,238936.41917511798,107624.51896082405,2.220092795602573,34643.24432859875,35468.46492644394,-0.0029154408817375745,0.7532917193339708,0.7712091567503553,20.0,3.0,0.1610984279328539
79,55.0,341.15,13.0,-38.91780289288607,250729.1432270748,114645.3623313554,2.1869976955753456,12159.381969294813,12268.429869660144,-0.0031721910062126116,0.22373958343419328,0.22573343374106983,20.0,1.0,0.05624583866104797
80,55.0,341.15,13.0,-86.70412461328976,250025.76186301917,114647.60840520773,2.1808196903622634,24253.798779865545,24532.710156908932,-0.00353422528773781,0.44628377078761805,0.4513905170855316,20.0,2.0,0.1121879584342255
81,55.0,341.15,13.0,-139.13035542679796,249878.52317462294,114835.9968561307,2.1759598907620994,36365.74607712887,36807.983616144134,-0.003779896146383167,0.669150529123672,0.6772498697086674,20.0,3.0,0.16818649426485058
82,55.0,343.15,15.0,-118.94227385540273,238003.9782659266,114671.39781319395,2.075530453144456,11572.616252630947,11611.719969531927,-0.010243295064598198,0.1845642815040236,0.18517466819352896,20.0,1.0,0.05349762784814013
83,55.0,343.15,15.0,-248.28269283022206,237278.3377537579,114730.03353286994,2.06814493509041,23079.541357381877,23207.63252703803,-0.01069832058659842,0.368080896754801,0.3700972520890761,20.0,2.0,0.10668172376203697
84,55.0,343.15,15.0,-376.9196206563322,237042.5946240506,114732.01784243964,2.0660544378255326,34586.813124341745,34803.95616758321,-0.010829792419041124,0.5516030407002245,0.555026391616826,20.0,3.0,0.15986979006428606
85,55.0,345.15,17.0,-201.04910890130458,225205.0440710881,114850.68307641702,1.9608507153696748,10986.013872081268,10953.609550482113,-0.018354598817378477,0.15460618491205255,0.15413768555942006,20.0,1.0,0.05073088193311831
86,55.0,345.15,17.0,-405.625672760077,224549.60687933076,114641.42052875969,1.9587127047418154,21907.91174209197,21889.776312474798,-0.018530370843895486,0.30831006525873994,0.30802991860064766,20.0,2.0,0.10117819080160298
87,55.0,345.15,17.0,-602.0457698486287,224189.1223745639,114248.48146413353,1.9622941110595373,32801.08117120349,32806.777382965025,-0.018351262082853707,0.46160965022608325,0.46165245466968363,20.0,3.0,0.15153332945827958
88,55.0,347.15,19.0,-282.7215462576366,212374.89049706716,114984.11718859152,1.8469932690681086,10399.48678286735,10296.233192286105,-0.027458735731573213,0.1309537863047892,0.12964256907863334,20.0,1.0,0.047953467180041995
89,55.0,347.15,19.0,-574.7503572990714,211683.38529005967,115014.1775061132,1.8404981879630302,20736.287012027635,20562.913596626844,-0.02795082295114803,0.26111820273683983,0.25891303126330634,20.0,2.0,0.0956073027109284
90,55.0,347.15,19.0,-842.0542295022356,210992.01357075185,114027.86666111572,1.8503548277177544,30981.887292232757,30768.26083761796,-0.02736762516237906,0.39013419916741904,0.3874112315228782,20.0,3.0,0.14296155589793358
91,60.0,334.15,1.0,285.4315895786587,332833.2176061369,131888.40318091155,2.523597295734857,15827.517100253219,16225.43169511004,0.017591617587880942,3.7834058802545236,3.877491717909873,20.0,1.0,0.0739234873465689
92,60.0,334.15,1.0,565.4770947121526,332197.3091732577,131769.77697112126,2.5210432681089094,31594.57523040426,32510.52242493651,0.01739366372895981,7.552359662839536,7.76924052415849,20.0,2.0,0.14757363308065236
93,60.0,334.15,1.0,840.8737956963295,332015.49743269366,131886.20733709898,2.517439117678678,47369.07553276945,48796.44216240118,0.017232276748738923,11.323092420480366,11.66118744348734,20.0,3.0,0.221243161804933
94,60.0,336.15,3.0,740.4099469753319,375062.6853407843,115055.31299899147,3.2598467255838237,18006.052517773205,18789.259945750866,0.03940601966831447,1.434936404236212,1.4968796425081492,20.0,1.0,0.08299883330862047
95,60.0,336.15,3.0,1474.7707835629105,374569.90136590047,115046.51411621096,3.255812696658843,35964.8556354303,37710.37070384641,0.03910783044655898,2.866107414350753,3.004263413301114,20.0,2.0,0.16578598081363732
96,60.0,336.15,3.0,2211.4412733947156,374533.73634387256,115047.33258032858,3.255475185244863,53942.12805893554,56647.50385408379,0.03903863582570355,4.298750278404202,4.512923636316819,20.0,3.0,0.2486556673888742
97,60.0,338.15,5.0,646.7486825188214,359929.7663875246,114859.71895883369,3.1336465877696016,17282.695801390168,17986.083188982175,0.035958283731001725,0.8264867022189277,0.8598196456170935,20.0,1.0,0.07974824895099292
98,60.0,338.15,5.0,1282.931465130851,359726.3218702243,115217.82283419296,3.122141288747465,34553.424888791706,36113.84857882517,0.035524639871339525,1.6524011366565718,1.7264123689773738,20.0,2.0,0.15940899020988877
99,60.0,338.15,5.0,1931.6499619576425,359650.8649870341,114958.31454251944,3.1285328635712615,51811.33604347797,54240.27713868567,0.03561283355943504,2.477702596645041,2.592941185556521,20.0,3.0,0.23906496191041138
100,60.0,340.15,7.0,555.512763494123,345130.78918062674,114645.89287010189,3.0104069194321066,16577.806714137823,17201.10760132854,0.03229517403002686,0.5663390613343242,0.5874080709193967,20.0,1.0,0.07656870859064147
101,60.0,340.15,7.0,1101.0455943518466,344683.638400414,114839.7596113282,3.0014312078585474,33117.2059335763,34504.95574466803,0.031909781380374286,1.1313660272345953,1.1783246730907695,20.0,2.0,0.15294519497149087
102,60.0,340.15,7.0,1649.3388701047759,344523.23290420603,114815.47279232704,3.000669025919214,49652.26000116775,51805.79065419935,0.031836959715835965,1.6962445519531815,1.7691383750362089,20.0,3.0,0.22931439690373423
103,60.0,0.0,9.0,0.0,0.0,0.0,0.0,0.0,0.0,0.0,0.0,0.0,0.0,1.0,0.0
104,60.0,342.15,9.0,906.0560346059733,329099.2456188997,114752.51262287579,2.867904485023835,31641.45734151858,32848.595969031485,0.027582793354704458,0.8408315364578651,0.8725595035860032,20.0,2.0,0.14624630182488618
105,60.0,342.15,9.0,1355.7061436586478,328891.0100678239,114735.58054303417,2.8665127984816,47432.178880683576,49306.63269942576,0.027495411254770938,1.2604499032810788,1.309735459995578,20.0,3.0,0.21923516716967628
106,60.0,344.15,11.0,361.6202145928801,314473.89422954567,114673.10453987384,2.742350924319814,15131.029208132813,15587.249100548985,0.02319974565493688,0.3290130364054136,0.33879359465885606,20.0,1.0,0.06997841707286374
107,60.0,344.15,11.0,1162.3253253303888,305148.1036978427,89725.1350063092,3.4009210872336455,28880.186890969115,30466.430030042047,0.03815101815947106,0.6279782987826327,0.6621971125063325,20.0,2.0,0.1359513629916773
108,60.0,0.0,11.0,0.0,0.0,0.0,0.0,0.0,0.0,0.0,0.0,0.0,0.0,3.0,0.0
109,60.0,346.15,13.0,265.1225641347685,299069.0066216893,114620.19926340303,2.6092172980297614,14407.771373676098,14780.58312655584,0.017937219517302434,0.2651112345595915,0.27185835427054805,20.0,1.0,0.06666416397020887
110,60.0,0.0,13.0,0.0,0.0,0.0,0.0,0.0,0.0,0.0,0.0,0.0,0.0,2.0,0.0
111,60.0,346.15,13.0,775.2325341968161,298000.1616765088,114618.4352250193,2.599932210655937,43073.155338980454,44389.06913080525,0.01746449180793517,0.7925706961978674,0.8164454120772074,20.0,3.0,0.19930237528639033
112,60.0,348.15,15.0,167.72704971004703,283537.93858911394,114588.63571315614,2.4743984150302647,13681.814349611885,13970.588633402116,0.01200572532133903,0.21820253778254142,0.222716493151889,20.0,1.0,0.06332030301752045
113,60.0,348.15,15.0,324.56269443934264,282675.44091089047,114590.56484774043,2.466829981041536,27283.24849846825,27945.976985364494,0.01161393264616651,0.4351231429687074,0.44550950251321686,20.0,2.0,0.12626904496706426
114,60.0,348.15,15.0,482.3722692106142,282390.9040296109,114563.78765265689,2.464922902914007,40884.29009536633,41920.93570380883,0.011506715227417672,0.65203748759386,0.6682956627379055,20.0,3.0,0.1892197059384806
115,60.0,350.15,17.0,70.72690056527267,268089.05224188766,114580.64590395978,2.3397411502340186,12962.926500600874,13167.16969398845,0.005371458119626382,0.18242727843684808,0.18522742380605264,20.0,1.0,0.059991140676821306
116,60.0,350.15,17.0,130.44134039595053,267186.50272999215,114566.17985344619,2.332158609737873,25841.76645778641,26322.649998592846,0.0049554790419248694,0.36367120685873533,0.3702904086679894,20.0,2.0,0.1195930852132351
117,60.0,350.15,17.0,190.16817834708905,266888.1606761823,114562.4088780505,2.3296311878382348,38720.99328175898,39477.66699793068,0.004817107818378861,0.5449205796573282,0.5553468760441677,20.0,3.0,0.17919664332370844
118,60.0,352.15,19.0,-27.379433993912244,252535.9325961038,114626.4600091357,2.203120750444328,12242.721632157656,12361.639216986347,-0.002214870820391658,0.15416441079071697,0.15560209063635888,20.0,1.0,0.05663588355477013
119,60.0,352.15,19.0,-65.08850578734757,251608.1870731167,114568.03273338749,2.19614652595665,24398.52928988281,24697.369185003212,-0.00263544288056684,0.30723437199249026,0.31087804869145547,20.0,2.0,0.11287124119090106
120,60.0,352.15,19.0,-104.3628842013324,251334.45828183062,114615.29497931075,2.192852693239581,36561.20574225005,37037.18480520114,-0.002817786631198727,0.46039082733426423,0.46620543487916677,20.0,3.0,0.16912956645149752
121,65.0,339.15,1.0,562.0696774870341,378484.13819899515,132984.2680693362,2.846082049356836,17954.665918592647,18586.947834616425,0.030240020173738946,4.291879022093878,4.4393616552845945,20.0,1.0,0.08373125680293957
122,65.0,339.15,1.0,1114.555265262065,377738.0731058717,132989.92859376033,2.840350973190872,35839.86342259587,37263.93943577219,0.02990975409841203,8.56715233107528,8.90022963038183,20.0,2.0,0.16714202924156216
123,65.0,339.15,1.0,1668.3760731402754,377497.2235963517,132956.38044625078,2.839256170552563,53725.40650954524,55939.970251275096,0.029824400435791192,12.842508248120998,13.360868128588928,20.0,3.0,0.25055786654559475
124,65.0,341.15,3.0,1074.1639591353771,429848.4220900968,116318.95647881173,3.6954288028572244,20654.04590917399,21711.778407542643,0.049473789708641004,1.6459600093127458,1.7287734705720486,20.0,1.0,0.09476573392614311
125,65.0,341.15,3.0,2149.58438172519,429654.88959274266,116152.29806755966,3.699064906514679,41285.80775322534,43643.13868318291,0.04925366155100786,3.2901441593000067,3.475030875488874,20.0,2.0,0.18944836548507818
126,65.0,341.15,3.0,3230.4467724638553,429311.07581274724,115774.90166007349,3.7081532323235895,61866.739443324506,65530.668536097895,0.04929671624949694,4.930277558115298,5.217798337270268,20.0,3.0,0.2839511339446719
127,65.0,0.0,5.0,0.0,0.0,0.0,0.0,0.0,0.0,0.0,0.0,0.0,0.0,1.0,0.0
128,65.0,0.0,5.0,0.0,0.0,0.0,0.0,0.0,0.0,0.0,0.0,0.0,0.0,2.0,0.0
129,65.0,0.0,5.0,0.0,0.0,0.0,0.0,0.0,0.0,0.0,0.0,0.0,0.0,3.0,0.0
130,65.0,0.0,7.0,0.0,0.0,0.0,0.0,0.0,0.0,0.0,0.0,0.0,0.0,1.0,0.0
131,65.0,0.0,7.0,0.0,0.0,0.0,0.0,0.0,0.0,0.0,0.0,0.0,0.0,2.0,0.0
132,65.0,0.0,7.0,0.0,0.0,0.0,0.0,0.0,0.0,0.0,0.0,0.0,0.0,3.0,0.0
133,65.0,347.15,9.0,728.7137793210204,375098.29367446346,116123.9112525943,3.2301555263544697,18018.854118655585,18787.051401871897,0.038788086737677904,0.478828159849611,0.4987987522217372,20.0,1.0,0.08300633457247897
134,65.0,347.15,9.0,1445.673800686694,374412.4765107562,116261.13585671416,3.220443992326036,35975.04741585054,37680.98518760208,0.03836613595661385,0.9559911879634811,1.0004352461711457,20.0,2.0,0.16571802067595323
135,65.0,347.15,9.0,2164.0343497277454,374174.7875495947,116259.87784723974,3.2184343771739,53928.47920844641,56571.21888427318,0.038253274233929366,1.4330808326004172,1.5019735022562772,20.0,3.0,0.24842387267661026
136,65.0,349.15,11.0,623.3329752235996,356898.46624131966,115238.89875144423,3.0970312117534604,17142.44927835296,17822.30577080758,0.03497487829238128,0.3727498778116953,0.38719150796961305,20.0,1.0,0.07909698652426057
137,65.0,349.15,11.0,1234.0208530032023,356026.69376949366,115311.12960969633,3.0875310559749813,34203.51010975325,35714.37156991887,0.03455250082133828,0.7437300240544484,0.7758985600501995,20.0,2.0,0.15781937828635917
138,65.0,349.15,11.0,1834.7473814978446,355709.1193909953,115617.53344370246,3.0766018682123195,51269.448263128696,53599.04273058692,0.034230972943306404,1.114816224055376,1.1644449628160147,20.0,3.0,0.2365242612441397
139,65.0,351.15,13.0,511.28683844049596,338557.2277767798,114885.66913034965,2.9469056527202855,16268.994111039707,16853.42114576313,0.0303372730093457,0.2993587975514903,0.30984406590066566,20.0,1.0,0.07515603732731463
140,65.0,351.15,13.0,1012.0817682792292,337556.59830553294,114789.13269091466,2.940666859243984,32441.34832843239,33746.12108935856,0.02999105484151117,0.5969393657815965,0.620410258325008,20.0,2.0,0.14988199749536157
141,65.0,351.15,13.0,1511.7186535136018,337211.10933686956,114784.79833706132,2.9377680165161033,48612.86886550407,50635.11614384407,0.0298551433992788,0.8945045938169288,0.9309083377000412,20.0,3.0,0.2246002404767043
142,65.0,353.15,15.0,388.9196211656625,320503.5945921849,115635.53782312307,2.7716703759568224,15424.449390949474,15900.177459295004,0.024460080534403465,0.24599471349346477,0.25336783639242844,20.0,1.0,0.07127498360956255
143,65.0,353.15,15.0,544.2133840504011,269456.82580033626,97300.31739047183,2.7693314166591088,25711.302877949438,27232.597119113874,0.019983895831530204,0.4100531840518123,0.43394888070151727,20.0,2.0,0.1205766531211909
144,65.0,353.15,15.0,1667.832751900722,268414.763836399,71272.33775897545,3.7660440540635562,37633.9420077316,40830.94656421663,0.04084727130382951,0.6001997573575448,0.6506373035970583,20.0,3.0,0.18020159932697316
145,65.0,0.0,17.0,0.0,0.0,0.0,0.0,0.0,0.0,0.0,0.0,0.0,0.0,1.0,0.0
146,65.0,355.15,17.0,773.3190378871974,319029.08949250216,115004.22853195373,2.7740639936892446,30697.30128805089,31778.39787737547,0.02433473962001588,0.43200315369183767,0.4468529338750084,20.0,2.0,0.14191600028992987
147,65.0,355.15,17.0,1163.018908726703,318611.3531257243,114677.16232162114,2.77833307587568,45977.05521954102,47665.96493580621,0.02439935728339897,0.6470351470289338,0.6702564540773315,20.0,3.0,0.21260464140921081
148,65.0,0.0,19.0,0.0,0.0,0.0,0.0,0.0,0.0,0.0,0.0,0.0,0.0,1.0,0.0
149,65.0,357.15,19.0,547.9718979760879,300478.30005088303,114621.37207431822,2.6214858068184603,28947.554953230847,29818.602792967,0.018376846889195365,0.36451721171824364,0.3751927519323081,20.0,2.0,0.13393491437019694
150,65.0,357.15,19.0,815.3827044963139,300128.0459428924,114620.07469667848,2.618459695974964,43372.081480210036,44726.51324485371,0.01823041067459317,0.5461556332866756,0.5627716263295698,20.0,3.0,0.2006762436324671
151,70.0,344.15,1.0,1226.4153004644613,412894.75821418193,93010.80939202734,4.439212613169392,19112.48787459096,20504.989063533845,0.05981058056965869,4.568644503935734,4.894306452067005,20.0,1.0,0.09112735550468248
152,70.0,344.15,1.0,1731.9657844087574,427996.8077656713,133923.37876334324,3.1958334065181173,40558.605785581065,42554.652060544955,0.04069979897719737,9.695119370405706,10.15730891150728,20.0,2.0,0.18873106516432356
153,70.0,344.15,1.0,2592.5385551307063,427724.3135241334,133929.67234781655,3.193648621892612,60799.6107028419,63894.415192346365,0.040575354627257865,14.533524316750714,15.250866389540747,20.0,3.0,0.28292098885955685
154,70.0,346.15,3.0,1453.8010507892461,489062.14470028004,116116.16851013953,4.2118350181144155,23539.47417773213,24915.54723081289,0.05834915192997809,1.8759052491302721,1.9826228379027935,20.0,1.0,0.10749300288007271
155,70.0,346.15,3.0,2903.284539430586,488899.00030512805,116216.30573555721,4.2068021110358345,47065.10100923756,50121.119459928734,0.0579253729907555,3.750706977031605,3.9883240444992936,20.0,2.0,0.2149157953611043
156,70.0,346.15,3.0,4355.653977206091,488903.35523538326,116197.07149020558,4.20753594703627,70597.66619248787,75327.97874574421,0.05782252557058252,5.626061635315336,5.994127666988278,20.0,3.0,0.3223765113536015
157,70.0,348.15,5.0,1322.7252839016628,468226.23240652925,115948.46911607939,4.038226946642774,22516.947848607797,23783.04026075375,0.0556163244648076,1.076797172460474,1.1356539680661932,20.0,1.0,0.10301268946602347
158,70.0,348.15,5.0,2638.6871835227166,467744.94967111474,115976.50416057104,4.033100954858197,44987.46496304424,47797.8430592825,0.05520515183603614,2.151373951481876,2.2823747317475624,20.0,2.0,0.20581844827955312
159,70.0,348.15,5.0,3955.790749039367,467604.227338741,115963.00252339897,4.032357020459073,67460.13310815691,71809.18278863092,0.05508753331287961,3.22605359629866,3.4289301318667795,20.0,3.0,0.3086369255686209
160,70.0,350.15,7.0,1190.1810443009613,447062.35931266414,115740.35439492456,3.8626316780335404,21483.099437610446,22638.68805508314,0.05257288061062027,0.7339160469082,0.7722501933614504,20.0,1.0,0.09846415656800465
161,70.0,350.15,7.0,2372.0010792701532,446392.6955474717,115732.8265206728,3.8570966334062073,42900.92469401427,45464.23658992419,0.052172900221882035,1.4656021656267801,1.5508745653534624,20.0,2.0,0.19664052820696243
162,70.0,350.15,7.0,3554.0505591909323,446183.0462931699,115731.21209257227,3.8553389204657464,64320.76139768732,68286.40387914644,0.05204623991447706,2.1973570003810834,2.3293835964044898,20.0,3.0,0.2948256493545497
163,70.0,352.15,9.0,1179.9248466509605,447185.90781979036,116730.18526802813,3.830936332303351,21499.698938163285,22643.052751644154,0.05210979542346753,0.5713271894033993,0.6008303647281094,20.0,1.0,0.098490565153858
164,70.0,352.15,9.0,2371.9122769941782,446387.0793407735,115733.60072136059,3.8570223043132645,42900.39523285426,45463.68317855527,0.05217158204447861,1.1400235093141036,1.2063727292280018,20.0,2.0,0.19663811444656817
165,70.0,352.15,9.0,3553.9615626594928,446177.33207719075,115730.6095864965,3.8553096166292975,64319.90875889721,68285.56335130925,0.05204557725291655,1.7092198732454986,1.8119482555660447,20.0,3.0,0.29482196611588024
166,70.0,354.15,11.0,1054.6829014970074,425378.343256096,115516.75850961127,3.682395080543257,20429.207693317367,21473.42813010496,0.04911572083911374,0.4442180080468313,0.46625246869965387,20.0,1.0,0.09380561225938179
167,70.0,354.15,11.0,2098.98276092392,424541.8033999177,115505.27326019677,3.675518800285071,40777.26305558048,43091.35499139926,0.04871006635421102,0.8866714186902562,0.9356424378362568,20.0,2.0,0.18725183825900946
168,70.0,354.15,11.0,3143.556088728079,424277.77538767084,115501.72615092658,3.6733457544458283,61127.48242678316,64707.04160242398,0.04858136009435979,1.3291718841071682,1.4049837644267154,20.0,3.0,0.2807076145734336
169,70.0,356.15,13.0,920.4639516403067,403890.3657976213,115307.83321027737,3.5027140355770956,19390.506400005834,20322.059679049937,0.045293831736416726,0.35679640918188643,0.3734120394619032,20.0,1.0,0.08919027152783739
170,70.0,356.15,13.0,1828.5883585335218,402901.30270643125,115297.91798121935,3.494436931394191,38685.65336527055,40749.02095122223,0.04487441209256035,0.7118381502186832,0.748751615721221,20.0,2.0,0.1779556952142042
171,70.0,356.15,13.0,2736.9770127870493,402586.45258523664,115295.17079183453,3.491789376955836,57982.966489786006,61174.523465043865,0.04474047132301739,1.0669197498247427,1.1240643877126937,20.0,3.0,0.2667306792732034
172,70.0,358.15,15.0,785.1524357759738,382229.89661931695,115116.99182711725,3.3203603616862223,18349.304200147842,19166.922673374476,0.040963927760122906,0.2926413588655136,0.3052636138541427,20.0,1.0,0.08453821510160997
173,70.0,358.15,15.0,1556.2407628675196,381106.0534507647,115108.63888535438,3.31083798002631,36590.90706754821,38401.908941968315,0.04052508861523678,0.5835650578119883,0.6116112483099562,20.0,2.0,0.1685936780564556
174,70.0,358.15,15.0,2327.583090426645,380749.63257340057,115108.61553748316,3.307742264082882,54835.216904389774,57636.56276081551,0.04038379422599891,0.8745319284889569,0.9179535879767827,20.0,3.0,0.25266086169506985
175,70.0,360.15,17.0,648.5725323171823,360425.29954389087,114977.39445398524,3.134749237060991,17307.486282268328,18009.552248702712,0.03601269611596819,0.24356827286731428,0.2531140982197839,20.0,1.0,0.07985468482952944
176,70.0,360.15,17.0,1282.983389320886,359198.04372047633,114915.77943341534,3.125750401654834,34496.93359588219,36054.647886134866,0.03558441045861021,0.4854753832031486,0.5067277387192254,20.0,2.0,0.15918209780642234
177,70.0,360.15,17.0,1915.9644821122708,358826.9373035663,114959.52001531649,3.1213329462036588,51693.801510109675,54102.550676015235,0.035413570306245416,0.7274869236593147,0.7603808321628979,20.0,3.0,0.23853395791446783
178,70.0,362.15,19.0,515.153358710951,338757.50765861815,114652.54191437893,2.9546445460546176,16276.08912034438,16863.869213928676,0.030547755807158492,0.20495391176944291,0.21208642359834312,20.0,1.0,0.07519911181132206
179,70.0,362.15,19.0,1282.983389320886,359198.04372047633,114915.77943341534,3.125750401654834,34496.93359588219,36054.647886134866,0.03558441045861021,0.43439682790193346,0.453436944230576,20.0,2.0,0.15918209780642234
180,70.0,362.15,19.0,1915.9644821122708,358826.9373035663,114959.52001531649,3.1213329462036588,51693.801510109675,54102.550676015235,0.035413570306245416,0.6509454915976731,0.6804142237385785,20.0,3.0,0.23853395791446783
181,75.0,349.15,1.0,1352.027325676571,508931.59090779163,136616.11854062515,3.7252675331750993,24130.54132894598,25415.401269552134,0.05319716621182414,5.768158794546393,6.061885239277035,20.0,1.0,0.11176519370194588
182,75.0,349.15,1.0,2204.676769235798,423168.0597785505,109985.40184970782,3.8474929641735423,39386.942175052915,42783.72638009025,0.05153073272882939,9.415045182794717,10.204444017000045,20.0,2.0,0.18666320931614838
183,75.0,349.15,1.0,4036.9863457274887,507888.72027818195,136589.173574614,3.718367327266533,72241.91128504257,76693.00721518208,0.05263825858856569,17.268689095416168,18.29222381589696,20.0,3.0,0.3346222354826308
184,75.0,351.15,3.0,1867.8293855657234,555320.2303443655,116994.79290998024,4.74653799995738,26827.978775389714,28534.10934265632,0.06545952996589456,2.137972404494795,2.2689309538146647,20.0,1.0,0.12176110050755921
185,75.0,351.15,3.0,3732.008436997401,555056.3896671033,117006.84032594864,4.743794363824115,53629.91518810726,57430.50961013297,0.06498302839957613,4.273869443819255,4.566669994250843,20.0,2.0,0.2434084136404956
186,75.0,351.15,3.0,5596.25862784705,554966.914265047,117007.85310371633,4.742988607552021,80431.52356134818,86312.90794542844,0.06483686810071675,6.409740341056958,6.863295650808183,20.0,3.0,0.36505473975752184
187,75.0,353.15,5.0,1714.977920016059,530916.2739942439,116686.9725210875,4.549919005725318,25611.129760297055,27193.140018374965,0.06306656454007198,1.2247659982527912,1.2975777054721565,20.0,1.0,0.11650168286683207
188,75.0,353.15,5.0,3427.096114300262,530502.7950738228,116577.94849876485,4.550627300491941,51178.85524782974,54700.35514095021,0.06265217301550283,2.447456333387312,2.610142163220025,20.0,2.0,0.2328252659407465
189,75.0,353.15,5.0,5133.812656896881,530381.165230182,116712.29119832061,4.544347127321357,76754.62879977733,82197.82257621337,0.06245679625073813,3.6705315400889744,3.9222414896249314,20.0,3.0,0.34915924283382865
190,75.0,355.15,7.0,1713.7212129834122,530817.2648825926,116742.82079178738,4.546894286795703,25606.835296828613,27188.169483326692,0.06303187178652693,0.8747931083899589,0.9268087108564044,20.0,1.0,0.11648034764131479
191,75.0,355.15,7.0,3422.974804540321,530295.7266560913,116643.87348607615,4.5462801500620005,51159.77405764221,54679.48689067737,0.06260071187910003,1.7477449772153446,1.863951333189849,20.0,2.0,0.23273604088743022
192,75.0,355.15,7.0,5128.540184314294,530084.7467830821,116699.78950584082,4.542293940954807,76710.12814773856,82153.44491211759,0.06242635582476757,2.6206085472679734,2.8005021970348523,20.0,3.0,0.34896770157887513
193,75.0,357.15,9.0,1559.2744676334441,506077.41007426946,116404.47931441336,4.347576768994716,24379.871062613718,25836.05986239074,0.06035264184780987,0.6478641050873387,0.6851008048966344,20.0,1.0,0.11115378260559594
194,75.0,357.15,9.0,3098.159875471874,505049.79417182837,116729.61109447753,4.326663898186518,48665.524646628175,51890.539506350695,0.059705678625536385,1.2932245003601535,1.3759934979122557,20.0,2.0,0.22186517595856645
195,75.0,357.15,9.0,4659.17982895022,505087.7558480486,116394.60966524092,4.339442842763222,72992.92551191317,77994.77526774126,0.05973707614332037,1.9396942766034706,2.068205585459466,20.0,3.0,0.33282241540806395
196,75.0,359.15,11.0,1400.973928375241,480820.18421950605,116135.72689357416,4.14015735795175,23135.32778307516,24464.0783405712,0.05726657300846963,0.5030605874485251,0.5308450724984645,20.0,1.0,0.10572043173875727
197,75.0,359.15,11.0,2790.22501309241,479858.9321709607,116111.29014980518,4.132749981090154,46175.90800798709,49122.06796218133,0.05680186378229395,1.0040609593377194,1.0658978182478225,20.0,2.0,0.211027458143801
198,75.0,359.15,11.0,4180.083901717692,479545.3540321858,116088.9032667413,4.130845761634242,69217.03810194539,73773.7077977247,0.05666088944829493,1.5050732877225417,1.6008127802393768,20.0,3.0,0.31633890620913374
199,75.0,361.15,13.0,1247.2900208293718,455649.7926497186,115524.57684102189,3.9441805813905466,21898.735169293894,23102.702849189074,0.05398892194439287,0.40294925325038444,0.424238783628352,20.0,1.0,0.10030956527271188
200,75.0,361.15,13.0,2477.422756916427,454551.30664334854,115666.17010139178,3.9298552571153134,43693.4894426313,46354.29112507919,0.053445381145653205,0.8039851985378175,0.8512115751663393,20.0,2.0,0.20014694249632084
201,75.0,361.15,13.0,3702.732221973072,454230.1844833059,115883.20867106794,3.9197239159352995,65500.3013697031,69605.72617418756,0.0531957990454266,1.2052430115509738,1.2781815529753906,20.0,3.0,0.3000132893681685
202,75.0,363.15,15.0,1247.2900208293718,455649.7926497186,115524.57684102189,3.9441805813905466,21898.735169293894,23102.702849189074,0.05398892194439287,0.3492489713766119,0.3677224873422498,20.0,1.0,0.10030956527271188
203,75.0,363.15,15.0,2471.9355830467066,454605.68804846046,115943.14619223947,3.92093627763647,43704.73335416532,46358.71875729684,0.05332191331663205,0.6970189396889953,0.7378852371825999,20.0,2.0,0.2001702383545899
204,75.0,363.15,15.0,3704.7481520515507,454221.52769909566,115818.03280582595,3.9218549710701627,65496.937916914,69604.77113372792,0.05322549146715556,1.0445689223126764,1.107889398883944,20.0,3.0,0.30000773573178163
205,75.0,365.15,17.0,1086.2286093219914,430426.2493429999,115567.02168686275,3.7244729773280056,20674.029953080513,21743.636754101764,0.04995616058188072,0.29094564552900415,0.30541338980567095,20.0,1.0,0.09488996796705539
206,75.0,365.15,17.0,2156.320732907347,429135.636323814,115554.33601582672,3.7137129693258597,41222.8168577035,43588.139744148095,0.049470354678232006,0.580128745503794,0.6122435572822141,20.0,2.0,0.1892254426184393
207,75.0,365.15,17.0,3226.892206631139,428730.7225234812,115550.21830870183,3.7103410863153203,61775.29296472438,65431.56677120903,0.049317055449924284,0.8693637636278551,0.9190586116704367,20.0,3.0,0.2835772186238663
208,75.0,367.15,19.0,927.3343957478897,404987.64483343874,115316.5818271804,3.511963660528673,19443.392966553547,20380.820405979637,0.045500346761105565,0.24483765215960585,0.25616952623428507,20.0,1.0,0.08942593845856876
209,75.0,367.15,19.0,1837.172985945789,403586.15899388015,115302.9704420724,3.5002234326360195,38751.642361147846,40823.234380135254,0.04500312172324505,0.4879735316440472,0.5131132310769096,20.0,2.0,0.17824987267505887
210,75.0,367.15,19.0,2747.3780165146964,403139.8202239572,115299.35352103996,3.4964621041903046,58062.941255394944,61264.87974803642,0.04484425706561109,0.7311478114394085,0.7700472751945909,20.0,3.0,0.26708722431105336
211,80.0,354.15,1.0,1738.9168827268104,574141.3377679094,139366.19281754518,4.11966005643536,27276.03967902168,28865.73193526367,0.06024156555692502,6.520057963482809,6.87907789880375,20.0,1.0,0.12581807987879765
212,80.0,354.15,1.0,3471.503931011528,573180.7664746467,139097.58841595653,4.120709589591235,54455.56676308032,58022.57212992221,0.05983023164223489,13.01704557948225,13.82753066736149,20.0,2.0,0.2512216211670564
213,80.0,354.15,1.0,5197.778797942621,572915.5386106451,139228.2563801801,4.1149372512877544,81647.89772514631,87168.43705358269,0.059629138408751454,19.51709383140053,20.77336788664698,20.0,3.0,0.37666065882662514
214,80.0,356.15,3.0,2325.4103658478525,628042.4527594215,117829.93745272666,5.330075414929182,30492.5960223253,32553.815603982333,0.07143280511681044,2.430012688728625,2.5864519469770237,20.0,1.0,0.13747076769375957
215,80.0,356.15,3.0,4645.4196574667685,627774.730431803,117917.65306639743,5.323840104571228,60960.050767945075,65564.75858027491,0.07085238713689611,4.8580218215330335,5.209223384010496,20.0,2.0,0.27482561107501646
216,80.0,356.15,3.0,6965.122994385772,627674.3830184581,117949.63034047355,5.321545995579744,91425.9108675156,98549.75528596237,0.07067620791320116,7.285903873975676,7.829933348959106,20.0,3.0,0.4121732417683563
217,80.0,358.15,5.0,2325.4103658478525,628042.4527594215,117829.93745272666,5.330075414929182,30492.5960223253,32553.815603982333,0.07143280511681044,1.4582056768341938,1.5521368490616327,20.0,1.0,0.13747076769375957
218,80.0,358.15,5.0,4645.4196574667685,627774.730431803,117917.65306639743,5.323840104571228,60960.050767945075,65564.75858027491,0.07085238713689611,2.9152090568095694,3.1260691229026163,20.0,2.0,0.27482561107501646
219,80.0,358.15,5.0,6965.122994385772,627674.3830184581,117949.63034047355,5.321545995579744,91425.9108675156,98549.75528596237,0.07067620791320116,4.372136178209917,4.698764301737845,20.0,3.0,0.4121732417683563
220,80.0,360.15,7.0,2145.562212838247,599636.4785350282,117585.23476432326,5.099589925018076,29055.118723992855,30975.08431703535,0.06926735665601573,0.9925950367771105,1.0550794581659726,20.0,1.0,0.1313272106146632
221,80.0,360.15,7.0,4284.301973704259,599050.545633656,117553.67075900186,5.095974815297571,58050.52649124474,62334.38482044003,0.06873095781799383,1.983150198932977,2.1232461641852205,20.0,2.0,0.2624011860432417
222,80.0,360.15,7.0,6422.959842886911,598878.8232648442,117559.17837265824,5.094275339067279,87050.0394006837,93677.5704995228,0.06856454334412558,2.973845602944293,3.190863963866072,20.0,3.0,0.3934904494833752
223,80.0,362.15,9.0,1965.854883584047,570966.6191490972,117199.413874626,4.871753196307692,27611.75484966403,29390.397679043097,0.06688765851527777,0.733747311445,0.7787616047824156,20.0,1.0,0.12513614454726193
224,80.0,362.15,9.0,3920.9444512205296,570110.3095064227,117189.62287188368,4.864853180129181,55137.608976054755,59097.42690716462,0.06634712637116824,1.465211920283949,1.5659130413724112,20.0,2.0,0.24990273440024655
225,80.0,362.15,9.0,5876.521345395983,569851.9616715455,117187.37545340933,4.862741907707489,82667.56763710432,88792.80876949786,0.06618240178268454,2.1967856019176937,2.352755856031808,20.0,3.0,0.37468686433065895
226,80.0,364.15,11.0,1775.5923949978744,541857.8290089688,117532.3116062757,4.610288197378022,26163.68711451692,27789.87799461666,0.06389349371529572,0.5689100207725174,0.6025660991581933,20.0,1.0,0.11885897471284584
227,80.0,364.15,11.0,3553.508727021153,540797.3060413112,116819.4429456599,4.629343304546232,52206.20384120752,55838.96380015155,0.06363851485029721,1.1351852811019227,1.210752584254266,20.0,2.0,0.23726107063012883
228,80.0,0.0,11.0,0.0,0.0,0.0,0.0,0.0,0.0,0.0,0.0,0.0,0.0,3.0,0.0
229,80.0,366.15,13.0,1783.0742470881714,541748.466752395,116798.90377213959,4.638300953656896,26150.150303957853,27785.80082714737,0.06417213807082597,0.4811777235490854,0.5098680277927882,20.0,1.0,0.11883551218159714
230,80.0,366.15,13.0,3551.786156162879,540665.6625010037,116821.08623155291,4.628151303347256,52193.15562674026,55825.81692129233,0.06362264543607966,0.9603839181573254,1.0244008927671715,20.0,2.0,0.2372043334263046
231,80.0,366.15,13.0,5321.887048949946,540306.303219546,116787.89227920811,4.626389711082553,78235.05991764987,83853.79659006977,0.06346626229658611,1.4395698531493126,1.5387128899500528,20.0,3.0,0.355574197765204
232,80.0,368.15,15.0,1599.8848492500078,512705.0319495563,116561.72735516285,4.398570985374533,24708.609115135405,26196.995534547415,0.061071310530253435,0.3940618602351027,0.4166815274368565,20.0,1.0,0.11258024734218973
233,80.0,368.15,15.0,3185.1117073166915,511396.2373986086,116468.66210983528,4.390848389039951,49285.94508765126,52588.163449085,0.060567083891424824,0.7860301287775884,0.8364515023169954,20.0,2.0,0.2245970755378591
234,80.0,368.15,15.0,4773.8037306167425,510972.0926546873,116341.06464138752,4.392018366255456,73861.91847391975,78971.75904499616,0.060449504840037145,1.177976666300377,1.2561010341758214,20.0,3.0,0.3366217802029755
235,80.0,370.15,17.0,1417.4477477802725,483410.7314875758,116141.0172619871,4.162273956987252,23262.395861006593,24603.86460578544,0.057610776619497775,0.3273717217055364,0.3453524851498445,20.0,1.0,0.10627752561790065
236,80.0,370.15,17.0,2814.1583253120325,481863.74864157033,116185.42690826488,4.147368232523943,46374.04311395307,49341.1881283623,0.057034668844838744,0.6526219580894307,0.6925782682273848,20.0,2.0,0.21188967470058878
237,80.0,370.15,17.0,4214.998321357545,481391.683868694,116101.80667021405,4.146289344455095,69488.92006655653,74077.67754097283,0.056899709349367805,0.9779176460400345,1.0397923433088692,20.0,3.0,0.31753000057448444
238,80.0,372.15,19.0,1417.4477477802725,483410.7314875758,116141.0172619871,4.162273956987252,23262.395861006593,24603.86460578544,0.057610776619497775,0.2929278030852734,0.30904408272155476,20.0,1.0,0.10627752561790065
239,80.0,372.15,19.0,2816.576951403762,481948.94995543535,116125.7691896733,4.150232573859184,46381.10416234767,49349.80533691878,0.0570737195856104,0.5840462447687809,0.6198727544309894,20.0,2.0,0.21192633631120933
240,80.0,372.15,19.0,4216.3797396171485,481496.7603140211,116120.6386188862,4.146521807327617,69504.98505353372,74093.20375111999,0.05690643036276338,0.8752298214189789,0.9306694926203506,20.0,3.0,0.3175977810567566
241,85.0,0.0,1.0,0.0,0.0,0.0,0.0,0.0,0.0,0.0,0.0,0.0,0.0,1.0,0.0
242,85.0,0.0,1.0,0.0,0.0,0.0,0.0,0.0,0.0,0.0,0.0,0.0,0.0,2.0,0.0
243,85.0,0.0,1.0,0.0,0.0,0.0,0.0,0.0,0.0,0.0,0.0,0.0,0.0,3.0,0.0
244,85.0,361.15,3.0,2826.2983189831307,707779.3736439289,118988.62557340029,5.948294387242269,34579.91311493128,37015.04193379461,0.07635539962478687,2.755738723685373,2.9382043818581707,20.0,1.0,0.1547738010786265
245,85.0,361.15,3.0,5648.6975023617915,707475.2178905563,118987.38026861657,5.94580043945346,69128.45705939112,74593.8019765127,0.07572609724518926,5.508977578805121,5.921155951109355,20.0,2.0,0.3094152415084237
246,85.0,361.15,3.0,8465.528202224541,707079.4168344428,118982.98671875791,5.942693458399883,103631.36250877072,112084.57827088711,0.07552803724491847,8.258579415874381,8.897123488426224,20.0,3.0,0.4638645065425633
247,85.0,363.15,5.0,2826.2983189831307,707779.3736439289,118988.62557340029,5.948294387242269,34579.91311493128,37015.04193379461,0.07635539962478687,1.6536678468342727,1.7632613447295724,20.0,1.0,0.1547738010786265
248,85.0,363.15,5.0,5648.6975023617915,707475.2178905563,118987.38026861657,5.94580043945346,69128.45705939112,74593.8019765127,0.07572609724518926,3.3058355687718146,3.553376160341784,20.0,2.0,0.3094152415084237
249,85.0,363.15,5.0,8471.68275853674,707388.730146704,118978.07485875711,5.945538545538487,103678.99642663058,112132.37345825603,0.07555073077705367,4.958098715081319,5.341576539758196,20.0,3.0,0.4640664112417869
250,85.0,365.15,7.0,2620.0224409865095,675048.3370765724,118552.49509262088,5.694087978065589,32894.25722041423,35174.2569768807,0.07448693067514106,1.1237495453250663,1.1970627222312171,20.0,1.0,0.14766008728350202
251,85.0,365.15,7.0,5231.98336428453,674406.4118529902,118542.89774041763,5.689133846970647,65722.6023380908,70828.3257810326,0.07386851667875542,2.2452473694762345,2.410454569836412,20.0,2.0,0.2950414633142523
252,85.0,365.15,7.0,7844.487488236871,674219.6769558022,118539.20967357686,5.687735550223515,98555.11466836685,106452.67099156248,0.07368990759150262,3.36688755596234,3.6228348536175563,20.0,3.0,0.44244058382599816
253,85.0,367.15,9.0,2412.443008329536,642069.8889751801,118118.63321581278,5.435805270469595,31207.609714840306,33329.85532067681,0.07238084249447464,0.8293025868715316,0.8823901705583951,20.0,1.0,0.14050830627931143
254,85.0,367.15,9.0,4813.229189445405,641119.6592609255,118092.87844817406,5.428944299484457,62318.07143475352,67059.77419028213,0.0717752072321011,1.6560235891795998,1.7753718105299268,20.0,2.0,0.28060492057811737
255,85.0,367.15,9.0,7214.209123365721,640845.2187143175,118102.91346245873,5.4261592701353845,93435.62109881219,100769.22344348393,0.07159139345170984,2.48293294459991,2.6678115283078045,20.0,3.0,0.4207290256675845
256,85.0,369.15,11.0,2412.443008329536,642069.8889751801,118118.63321581278,5.435805270469595,31207.609714840306,33329.85532067681,0.07238084249447464,0.6785863862926044,0.7220851216213144,20.0,1.0,0.14050830627931143
257,85.0,369.15,11.0,4813.019324013554,641115.3439138128,118099.79466367012,5.4285898272694695,62317.78999671955,67059.30804586002,0.07177257660818782,1.3550542416424127,1.452827446751507,20.0,2.0,0.28060304891862037
258,85.0,369.15,11.0,7213.9652645163915,640840.5907949667,118107.52983801332,5.425907998193608,93435.07299045842,100768.48816302598,0.0715894958436356,2.0316765402071213,2.1831305695963947,20.0,3.0,0.42072601611052696
259,85.0,371.15,13.0,2201.8741071827317,608512.1230119905,117648.74533234425,5.172278899303289,29503.172039309804,31465.720388505575,0.06997691710204976,0.5428752414170063,0.5769233232744119,20.0,1.0,0.13324575469980673
260,85.0,371.15,13.0,4387.501932102303,607318.9892845962,117689.66797258092,5.160342447614756,58886.894946901615,63258.892655747215,0.0693578680862933,1.083552550485177,1.1598504698765704,20.0,2.0,0.26597557442537995
261,85.0,371.15,13.0,6575.026254950306,606945.3668096063,117660.52702206811,5.158445080700422,88272.82836745097,95035.00586341294,0.06918530908915946,1.624270534256186,1.7424648389792483,20.0,3.0,0.3987210477501397
262,85.0,373.15,15.0,1991.9194878331602,575123.8368645016,117253.27787336978,4.904970225954954,27820.457329916426,29619.41110375683,0.06725047573888164,0.44369074426381716,0.47074235455645846,20.0,1.0,0.12603331143426794
263,85.0,373.15,15.0,3965.7357056255814,573680.7490145136,117234.86907039671,4.89343105480019,55495.98435633259,59495.39211136297,0.0666561823511063,0.885070087479699,0.9455623837237748,20.0,2.0,0.25144371741722177
264,85.0,373.15,15.0,5940.549351797697,573252.3901488429,117229.22786230236,4.890012504579371,83179.45345973733,89363.01317529705,0.06647660078498635,1.3265760938200675,1.4202495480088568,20.0,3.0,0.3768882388072341
265,85.0,375.15,17.0,1991.8653782960791,575115.0581794092,117253.08019293897,4.904903625841318,27820.015478457142,29618.976218561038,0.06724963630065836,0.39151110743169576,0.41542423813509666,20.0,1.0,0.12603141673056048
266,85.0,375.15,17.0,3965.6856761588506,573671.4869850914,117231.78594931304,4.893480742783591,55494.98818989642,59494.47353147725,0.06665637059651754,0.7809810278488086,0.834446341348369,20.0,2.0,0.2514397204848777
267,85.0,375.15,17.0,5940.357583528837,573239.5660096703,117227.5843457865,4.889971666726358,83177.47255209395,89361.08425455375,0.06647588973525824,1.1705566597350356,1.2533438047095904,20.0,3.0,0.3768799366577531
268,85.0,377.15,19.0,1780.9428699086984,541478.9579795565,116835.2552464335,4.6345510765346285,26137.155526038332,27770.178840152206,0.06413148723888222,0.32912773013094204,0.34855125755051597,20.0,1.0,0.1187774273241066
269,85.0,377.15,19.0,3541.344664554109,539841.2756186998,116815.89556753458,4.621299806810986,52111.11130746659,55732.925057045,0.06354133864191397,0.6562003949565585,0.6995194819384616,20.0,2.0,0.2368490415454979
270,85.0,377.15,19.0,5302.726549773868,539344.3185817285,116808.26319192111,4.617347299270789,78092.34190799952,83690.45877192018,0.06336118391016682,0.9833646667168563,1.0504222827602254,20.0,3.0,0.3549523074999346
271,90.0,364.15,1.0,2776.2900500120086,721578.1341957557,131458.08021002694,5.489035995679462,34905.18161283653,37286.3329003153,0.07445865104070162,8.343726216112888,8.86815999941378,20.0,1.0,0.15777591419028256
272,90.0,364.15,1.0,5539.001013120136,720472.5515995801,131426.55951828466,5.481940288479854,69698.19346471064,75052.92018503089,0.07380127248166522,16.660639399548327,17.85054342575099,20.0,2.0,0.31507024796694355
273,90.0,364.15,1.0,8302.86637669931,720169.1198615473,131419.25506000093,5.4799360986542345,104501.15583229362,112783.38031347674,0.07361781810069744,24.979931151865163,26.824334389992757,20.0,3.0,0.47240712400783147
274,90.0,366.15,3.0,2902.2539249919128,719761.1143494276,119115.24525515878,6.0425608225682215,35199.46300214064,37685.86306153343,0.07701174098767795,2.8051118267861015,2.9883826556782136,20.0,1.0,0.1573820179314295
275,90.0,366.15,3.0,5790.499347490406,718717.0801624034,119138.65234392218,6.032610458675115,70291.6314974098,75868.11546683002,0.07632322632321144,5.6016731512490265,6.0161275863544335,20.0,2.0,0.3143093083146545
276,90.0,366.15,3.0,8680.312309466713,718428.2270500007,119133.87227612475,6.030427898665548,105392.53494712948,114013.80097012995,0.0761338735802768,8.398930580764295,9.040972864831623,20.0,3.0,0.47127526242107365
277,90.0,368.15,5.0,3376.52446300055,794885.4780197468,120165.42777361069,6.614926545406184,39121.68839901217,41951.71143446881,0.0804859765560433,1.8708629487961732,1.996419518816423,20.0,1.0,0.1737897172407935
278,90.0,368.15,5.0,6748.666005491674,794539.4052577576,120160.87788968647,6.612296940666358,78206.97351596622,84587.01148476927,0.07978371486391664,3.739985033268637,4.025370002611923,20.0,2.0,0.3474278112794933
279,90.0,368.15,5.0,10121.692386608262,794470.7804944504,120160.06413326843,6.611770609687009,117299.63591857332,127154.79290065447,0.07960134380869385,5.609459911573775,6.051107375070092,20.0,3.0,0.5210966183000554
280,90.0,370.15,7.0,3139.8073961787213,757447.9536741538,119658.11248983495,6.330101134918868,37159.80402568871,39819.48395454307,0.0788510318155566,1.269471221022768,1.3538197914036598,20.0,1.0,0.16560098742470794
281,90.0,370.15,7.0,6270.633599794421,756737.5243657188,119648.67939767125,6.324662571916756,74245.43970622252,80226.96110227832,0.07816117566512618,2.5364086671198143,2.727630721393217,20.0,2.0,0.33089166472652903
282,90.0,370.15,7.0,9402.37132980115,756548.756239186,119646.15949435616,6.323218057616578,111338.6008835778,120583.13109316153,0.07797418465222102,3.803603202883753,4.0996972630208806,20.0,3.0,0.4962138227375357
283,90.0,372.15,9.0,3139.8073961787213,757447.9536741538,119658.11248983495,6.330101134918868,37159.80402568871,39819.48395454307,0.0788510318155566,0.9874745899391447,1.0531871872327905,20.0,1.0,0.16560098742470794
284,90.0,372.15,9.0,6270.633599794421,756737.5243657188,119648.67939767125,6.324662571916756,74245.43970622252,80226.96110227832,0.07816117566512618,1.972978250317744,2.1219262308873525,20.0,2.0,0.33089166472652903
285,90.0,372.15,9.0,9402.37132980115,756548.756239186,119646.15949435616,6.323218057616578,111338.6008835778,120583.13109316153,0.07797418465222102,2.958681891215152,3.189308249416436,20.0,3.0,0.4962138227375357
286,90.0,374.15,11.0,2902.2539249919128,719761.1143494276,119115.24525515878,6.0425608225682215,35199.46300214064,37685.86306153343,0.07701174098767795,0.7653862829072833,0.8156906191798416,20.0,1.0,0.1573820179314295
287,90.0,374.15,11.0,5790.499347490406,718717.0801624034,119138.65234392218,6.032610458675115,70291.6314974098,75868.11546683002,0.07632322632321144,1.5284395261376336,1.642125323761345,20.0,2.0,0.3143093083146545
288,90.0,374.15,11.0,8680.312309466713,718428.2270500007,119133.87227612475,6.030427898665548,105392.53494712948,114013.80097012995,0.0761338735802768,2.291682704490512,2.467768557045443,20.0,3.0,0.47127526242107365
289,90.0,376.15,13.0,2660.557577597201,681474.706055712,118632.7797201228,5.744404772976237,33224.2470048275,35533.37941966474,0.07487488161975402,0.6113451492474137,0.6509058458730599,20.0,1.0,0.14905552178886847
290,90.0,376.15,13.0,5304.839080194763,680215.8481187633,118634.68250619266,5.733701424819478,66319.54509490926,71484.66990512682,0.07420946459199225,1.22031756470438,1.309467050178816,20.0,2.0,0.29756424131350395
291,90.0,376.15,13.0,7950.576781361467,679838.1618007191,118616.05089789075,5.731417937577014,99420.63579754584,107407.28959609244,0.07402269260549998,1.8293965675457449,1.967503058512549,20.0,3.0,0.44610030425833636
292,90.0,378.15,15.0,2660.557577597201,681474.706055712,118632.7797201228,5.744404772976237,33224.2470048275,35533.37941966474,0.07487488161975402,0.5298723420094509,0.5642267855175268,20.0,1.0,0.14905552178886847
293,90.0,378.15,15.0,5304.225610740264,680142.5626105634,118619.82289885424,5.733801872141666,66311.69605942328,71477.23870905634,0.07420859712181642,1.0575629806905813,1.1349714914017122,20.0,2.0,0.2975324146172513
294,90.0,378.15,15.0,7948.978275885123,679778.5236539961,118629.34571735497,5.730272889421722,99411.92844347328,107398.03411718784,0.07401418788738312,1.5854574925464928,1.7053499709433013,20.0,3.0,0.4460614441382531
295,90.0,380.15,17.0,2420.341111857517,643332.6832163493,118139.22692855184,5.445546749729653,31272.021902411387,33400.23807407582,0.07246478622366787,0.44009119750929504,0.46804828209653404,20.0,1.0,0.14078188299997232
296,90.0,380.15,17.0,4820.768230547154,641735.7381895346,118110.40871928316,5.433354647978306,62381.073724683185,67129.30502790012,0.07181317054516739,0.8778889169073686,0.9407045490801416,20.0,2.0,0.28087183700366536
297,90.0,380.15,17.0,7222.071880032034,641277.6114521911,118117.42716133142,5.429153232200852,93502.0181466311,100842.61675933143,0.07161725976695009,1.3158540008733393,1.4131400330633788,20.0,3.0,0.42101001984715103
298,90.0,382.15,19.0,2420.341111857517,643332.6832163493,118139.22692855184,5.445546749729653,31272.021902411387,33400.23807407582,0.07246478622366787,0.39378767039482127,0.41885692885605746,20.0,1.0,0.14078188299997232
299,90.0,382.15,19.0,4820.768230547154,641735.7381895346,118110.40871928316,5.433354647978306,62381.073724683185,67129.30502790012,0.07181317054516739,0.7855231674954918,0.8418375485189037,20.0,2.0,0.28087183700366536
300,90.0,382.15,19.0,7222.071880032034,641277.6114521911,118117.42716133142,5.429153232200852,93502.0181466311,100842.61675933143,0.07161725976695009,1.1774084201551733,1.2646205892288593,20.0,3.0,0.42101001984715103
301,95.0,369.15,1.0,3299.1397526316487,806464.7263478951,133828.1803112659,6.02612039162581,39244.09536291404,41996.41688026901,0.07855764843075622,9.38089911518357,9.976752229510035,20.0,1.0,0.17632551670026883
302,95.0,369.15,1.0,6583.291136315028,805249.9795889454,133794.1439615737,6.018574174817524,78363.08542700231,84579.86284044555,0.07783520704844345,18.73189308983055,20.092960253509677,20.0,2.0,0.3521183299019521
303,95.0,369.15,1.0,9869.27322301863,804943.9389918427,133785.55268164925,6.016673122450338,117497.35586394495,127099.23095371017,0.0776501411453311,28.086539681128862,30.193945816891706,20.0,3.0,0.5279761956241709
304,95.0,371.15,3.0,3299.119203148873,806461.2795679923,133828.01960880792,6.026101872577623,39243.9172451302,41996.24461031767,0.07855748135961525,3.1274220401326884,3.326379319042375,20.0,1.0,0.17632476091211122
305,95.0,371.15,3.0,6583.252352967736,805246.6929986611,133793.9726444794,6.018557316766296,78362.74547641828,84579.52986585004,0.07783505492888534,6.244875500002996,6.699256125652954,20.0,2.0,0.3521168887301948
306,95.0,371.15,3.0,9869.214545941813,804940.6475080348,133785.3935453901,6.016655676502817,117496.84556050805,127098.72988930567,0.0776499856020373,9.363546002727292,10.067056959575638,20.0,3.0,0.5279740306982659
307,95.0,373.15,5.0,3978.4117811487877,889829.2137540657,121456.1824009153,7.326339393879713,44163.08705528122,47404.91348371731,0.08392403843359605,2.1119508553284163,2.2534057494055233,20.0,1.0,0.1946749655300749
308,95.0,373.15,5.0,7952.1028277565365,889457.8135233244,121451.27581202488,7.323577357062718,88286.36943185233,95627.86109946009,0.08315675720787855,4.221998185997366,4.545696978835164,20.0,2.0,0.38918583047825667
309,95.0,373.15,5.0,11926.565789154269,889374.7064649042,121450.29590806189,7.322952157631321,132416.19852947738,143724.74173980925,0.08298199492155231,6.332358591545165,6.8319955795205365,20.0,3.0,0.5837236664395545
310,95.0,375.15,7.0,3708.2634370492615,847259.6094220908,120877.88063204187,7.009219594122354,41891.054697274136,44948.10776665581,0.08250099106063348,1.4311024977342988,1.526513927026935,20.0,1.0,0.18528882689629725
311,95.0,375.15,7.0,7407.977114323584,846586.09929085,120869.11908481295,7.0041554509618535,83710.52878365676,90616.5441423984,0.08175082358782516,2.8597596239739795,3.0774914345791133,20.0,2.0,0.3702812357864695
312,95.0,375.15,7.0,11108.429457724546,846400.2603540343,120866.6304962901,7.002762109596608,125536.1667178332,136188.6251383886,0.08156649974575095,4.288627322567046,4.625196550112042,20.0,3.0,0.5552991742963308
313,95.0,377.15,9.0,3708.2634370492615,847259.6094220908,120877.88063204187,7.009219594122354,41891.054697274136,44948.10776665581,0.08250099106063348,1.1132015666905117,1.187559998456702,20.0,1.0,0.18528882689629725
314,95.0,377.15,9.0,7406.743218755053,846487.7084013728,120867.16274487009,7.00345477777255,83700.05652082313,90606.22750307678,0.08174651370959614,2.2242226824890046,2.3938790027006074,20.0,2.0,0.3702379347558102
315,95.0,377.15,9.0,11106.586808834036,846302.3045326661,120864.68290246981,7.0020644923677064,125520.5283570939,136173.20814543654,0.08156220272766072,3.3355485993058562,3.597790049239941,20.0,3.0,0.5552345110302372
316,95.0,379.15,11.0,3437.0124503446364,804447.1220783547,120297.60247286483,6.687141767931838,39625.155315735385,42492.95098396956,0.08088429658936248,0.8616196882006428,0.9187726412457217,20.0,1.0,0.1758851844290261
317,95.0,379.15,11.0,6859.542659279737,803303.177189118,120282.07235914741,6.678494653721578,79129.7476694043,85591.36079684529,0.08014293259761521,1.7206178239819565,1.8506363715901861,20.0,2.0,0.35126879228716845
318,95.0,379.15,11.0,10283.80750049275,803013.1966474938,120278.13432050719,6.676302398469956,118648.78544019307,128625.47444231548,0.07995156126794088,2.5799300646720225,2.781109905250701,20.0,3.0,0.526712481730087
319,95.0,381.15,13.0,3437.0124503446364,804447.1220783547,120297.60247286483,6.687141767931838,39625.155315735385,42492.95098396956,0.08088429658936248,0.7291255235048771,0.777593347047801,20.0,1.0,0.1758851844290261
320,95.0,381.15,13.0,6859.542659279737,803303.177189118,120282.07235914741,6.678494653721578,79129.7476694043,85591.36079684529,0.08014293259761521,1.456032619545393,1.566266196609946,20.0,2.0,0.35126879228716845
321,95.0,381.15,13.0,10283.80750049275,803013.1966474938,120278.13432050719,6.676302398469956,118648.78544019307,128625.47444231548,0.07995156126794088,2.183205519523731,2.3537624681548555,20.0,3.0,0.526712481730087
322,95.0,383.15,15.0,3162.230736014595,760996.6295030762,119706.10447598151,6.357208204496929,37345.13384535878,40019.72072635556,0.07901681167735043,0.595593740030329,0.6348263186710208,20.0,1.0,0.16637613454489078
323,95.0,383.15,15.0,6306.053991844659,759540.5145418595,119686.63127917098,6.3460764700630525,74538.1491863349,80546.89029038465,0.07829047116667458,1.1887614389778156,1.2777022156920979,20.0,2.0,0.33211609007549664
324,95.0,383.15,15.0,9451.765959623084,759155.099369233,119681.68534253212,6.3431183910596785,111746.84657441576,121030.01515461263,0.07809439623343602,1.7821792409005686,1.9198794388063056,20.0,3.0,0.49792157059097875
325,95.0,385.15,17.0,2888.816812527153,717695.9584409157,119124.13368318779,6.0247737905875365,35092.92425285923,37569.224821777345,0.0768931705732886,0.49386276035298204,0.5259525731118284,20.0,1.0,0.15693230254830673
326,95.0,385.15,17.0,6306.053991844659,759540.5145418595,119686.63127917098,6.3460764700630525,74538.1491863349,80546.89029038465,0.07829047116667458,1.0489754528155764,1.1276209292406632,20.0,2.0,0.33211609007549664
327,95.0,385.15,17.0,9451.765959623084,759155.099369233,119681.68534253212,6.3431183910596785,111746.84657441576,121030.01515461263,0.07809439623343602,1.5726134907519336,1.6943668174232143,20.0,3.0,0.49792157059097875
328,95.0,387.15,19.0,2888.7535770968107,717681.8245484818,119121.61983595134,6.024782281644922,35092.16548324343,37568.51291964099,0.07689294445260188,0.4418921852216538,0.47067686560007443,20.0,1.0,0.15692922532294268
329,95.0,387.15,19.0,5755.388774820009,715932.3218577617,119100.18330234969,6.011177329931425,70003.22321414526,75550.1579002448,0.07617970544044833,0.8815038015658746,0.9465296534930757,20.0,2.0,0.3130966110782396
330,95.0,387.15,19.0,8623.965853359568,715450.6047341207,119093.75730756808,6.007456821489129,104930.0331467706,113502.63905046714,0.07598031134346629,1.3213137748580297,1.4220170625300599,20.0,3.0,0.4693302891868774
331,100.0,374.15,1.0,3869.1573169596327,898692.5358194463,136416.4557347194,6.5878601740473135,44032.25002679443,47170.44294309156,0.08202503677202161,10.5254584542225,11.191431902043243,20.0,1.0,0.1966316246282155
332,100.0,0.0,1.0,0.0,0.0,0.0,0.0,0.0,0.0,0.0,0.0,0.0,0.0,2.0,0.0
333,100.0,0.0,1.0,0.0,0.0,0.0,0.0,0.0,0.0,0.0,0.0,0.0,0.0,3.0,0.0
334,100.0,376.15,3.0,3869.5680845314055,898761.6109578387,136419.91191699187,6.58819961344582,44035.879484938254,47173.93579938455,0.08202767097889445,3.5093025805142424,3.7317566551142005,20.0,1.0,0.19664689754489686
335,100.0,376.15,3.0,7722.790166091099,897441.6532166877,136382.89498657722,6.580309453799274,87933.6200570523,95053.5207196822,0.0812467555922101,7.007596609617375,7.519334618298637,20.0,2.0,0.39271012021052126
336,100.0,376.15,3.0,11578.841564968214,897154.0271324846,136374.85934856968,6.5785881020737715,131855.28537062625,142818.86513662164,0.08107361414678518,10.507797246648527,11.297875435197387,20.0,3.0,0.5888744159421865
337,100.0,378.15,5.0,4635.315762622184,993054.8107597438,122853.45802869255,8.083246712744666,49750.54272142242,53417.32565376034,0.08677551161335383,2.3791520987207835,2.5360573613523467,20.0,1.0,0.21759594671527382
338,100.0,378.15,5.0,9265.510215648399,992653.6709521916,122848.31574087414,8.080319741998021,99457.23889405368,107795.83220569178,0.08595425283204193,4.75620738396232,5.1177480422796595,20.0,2.0,0.4350128168949693
339,100.0,378.15,5.0,13896.952961289526,992584.9797517438,122847.34293733537,8.079824569409393,149174.59303350243,161946.93806393287,0.08581176728270919,7.13377235056078,7.688642578020894,20.0,3.0,0.652473228909286
340,100.0,380.15,7.0,4635.315762622184,993054.8107597438,122853.45802869255,8.083246712744666,49750.54272142242,53417.32565376034,0.08677551161335383,1.6996021338392666,1.811937691697397,20.0,1.0,0.21759594671527382
341,100.0,380.15,7.0,9265.510215648399,992653.6709521916,122848.31574087414,8.080319741998021,99457.23889405368,107795.83220569178,0.08595425283204193,3.3977063606445492,3.6564790354238093,20.0,2.0,0.4350128168949693
342,100.0,380.15,7.0,13896.952961289526,992584.9797517438,122847.34293733537,8.079824569409393,149174.59303350243,161946.93806393287,0.08581176728270919,5.096174690073734,5.493306853941445,20.0,3.0,0.652473228909286
343,100.0,382.15,9.0,4328.608728014113,944910.230476413,122203.66786748724,7.732257525208129,47130.82446517363,50599.888663779566,0.08554581526406835,1.2524417924827462,1.3352918716795497,20.0,1.0,0.20687612064243194
344,100.0,382.15,9.0,8646.641985403645,944079.4231411922,122192.42387179662,7.726169865749723,94171.65523874262,102042.81882134169,0.08473542857084665,2.5024921169251075,2.6928309554353236,20.0,2.0,0.4133831897877506
345,100.0,382.15,9.0,12966.815893134268,943914.48319785,122190.1265809197,7.724965262007058,141230.68341636908,153323.03519935496,0.0845718706016643,3.7530260142651404,4.046076148572374,20.0,3.0,0.6199648886616084
346,100.0,384.15,11.0,4020.8931310128764,896521.2676788055,121549.47154651515,7.375772648552571,44522.00041501543,47787.47766179757,0.08414114591838506,0.9680979622664365,1.0320443758208415,20.0,1.0,0.1961538776244819
347,100.0,0.0,11.0,0.0,0.0,0.0,0.0,0.0,0.0,0.0,0.0,0.0,0.0,2.0,0.0
348,100.0,384.15,11.0,12966.815893134268,943914.48319785,122190.1265809197,7.724965262007058,141230.68341636908,153323.03519935496,0.0845718706016643,3.0709567303892165,3.3112477139125693,20.0,3.0,0.6199648886616084
349,100.0,386.15,13.0,4020.8591145167393,896515.8042359595,121549.33533239331,7.375735965847236,44521.70648486556,47787.193031145805,0.08414093524798794,0.8192248658573021,0.8734755219307413,20.0,1.0,0.19615266985572996
350,100.0,386.15,13.0,8026.040289521004,895281.8426626726,121532.57674350678,7.366599694106342,88910.9921968561,96301.3965204337,0.08334292730446541,1.636013113748666,1.7602396636588598,20.0,2.0,0.39175979936296107
351,100.0,386.15,13.0,12033.869046108079,895009.4294848115,121528.87315623592,7.364582639832422,133322.64412085424,144701.54019252647,0.08316337911881883,2.4532129127345033,2.6449189694291326,20.0,3.0,0.587459059214906
352,100.0,388.15,15.0,3709.526646811624,847458.3636448637,120880.3171689961,7.010722535250126,41901.615623059624,44958.35830914719,0.08251027809565027,0.6682621641039559,0.7123693562023108,20.0,1.0,0.18533256541023418
353,100.0,388.15,15.0,7399.974788839187,845956.006456076,120861.0981662426,6.999406916628181,83643.57531130471,90541.23672169473,0.08173043639314534,1.3339780774506382,1.434634291352045,20.0,2.0,0.37000394226959177
354,100.0,388.15,15.0,11092.750867364506,845576.9442552002,120855.97972946319,6.996566873629498,125404.93995620903,136041.8858940679,0.08153923179220059,2.0000034680844996,2.155596296566455,20.0,3.0,0.5547556962601324
355,100.0,390.15,17.0,3709.526646811624,847458.3636448637,120880.3171689961,7.010722535250126,41901.615623059624,44958.35830914719,0.08251027809565027,0.5896814812509626,0.6287079041042732,20.0,1.0,0.18533256541023418
356,100.0,390.15,17.0,7399.0569243938435,845881.8101957309,120859.05865667333,6.998911125053884,83635.66575907776,90533.45819657795,0.08172732017292496,1.1770048132244835,1.2660404626585675,20.0,2.0,0.3699712910785308
357,100.0,390.15,17.0,11091.380422221246,845503.0524983848,120853.92826499125,6.996074224782221,125393.12447371127,136030.25825342914,0.08153612706929965,1.7646575741497676,1.9022780585801764,20.0,3.0,0.5547069221387477
358,100.0,392.15,19.0,3399.493283472343,798518.9906673175,120216.9447372989,6.6423164589007095,39312.91247903131,42154.48098424664,0.08064369917738407,0.49504123109991494,0.5275660039049801,20.0,1.0,0.1745858157297625
359,100.0,392.15,19.0,6774.892676433745,796618.4463312837,120192.90714639162,6.627832417440611,78425.81552844176,84818.46419172302,0.07987521043908351,0.9875638771338184,1.061508460457793,20.0,2.0,0.3483387560317587
360,100.0,392.15,19.0,10153.310418395518,796140.0626664992,120184.82712770601,6.624297606390336,117563.15340938298,127431.7349016858,0.07967646698233251,1.4803942146695706,1.5948162468868938,20.0,3.0,0.5221937032004744