index, T_sto_HT [K], T_sto_LT [K], glide_cd [K], T_DH+ [K], T_DH- [K], glide_ev [K], W_dot_cp [W], p_ev [Pa], p_cd [Pa], rp_cp [-], Q_dot_cd [W], Q_dot_ev [W], COP [-], COP_tot [-], m_dot_w_cd [kg/s], m_dot_w_ev [kg/s], Nb_comp [-], m_dot_r [kg/s]
1,15.0,10.0,5.0,80.0,70.0,10.0,8660.492355527575,516626.12375481613,96581.2515401954,0.18694612428470916,163470.1622771091,155080.60776155477,18.87538901558801,3.698570192228327,2.0,0.6404638855286178
2,16.0,10.0,6.0,80.0,70.0,10.0,8625.597314148796,514447.4226911036,99475.67151979679,0.19336411678269066,162129.66935070546,153848.4543416726,18.7963411049528,3.6691841459856187,2.0,0.6377716201968247
3,17.0,10.0,7.0,80.0,70.0,10.0,8628.702381045157,514648.04077809624,102385.9700512904,0.1989436701177237,161621.26272694013,153336.63027448233,18.730656776617625,3.6569774796209527,2.0,0.6380106986517882
4,18.0,10.0,8.0,80.0,70.0,10.0,8628.717900045,514649.0435048778,102400.50947620282,0.198971533647147,161621.7436912287,153336.9070128171,18.73067882893539,3.656984079647679,2.0,0.6380118936266418
5,19.0,10.0,9.0,80.0,70.0,10.0,8631.704980291466,514842.0397266693,105197.07193366581,0.20432883062446716,161119.03611516795,152832.51734238397,18.665957245184654,3.644954718741381,2.0,0.6382418968501742
6,20.0,10.0,10.0,80.0,70.0,10.0,8634.799909718266,515041.98750840814,108091.19596017535,0.20986870698267243,160628.53815449227,152339.10579136672,18.602462110755873,3.6331871787411543,2.0,0.6384801926069548
7,21.0,10.0,11.0,80.0,70.0,10.0,8637.909951838656,515242.90166167123,110996.14327046921,0.2154248858402588,160146.9470246381,151854.5891549533,18.540011173715627,3.6216317765864714,2.0,0.6387196479848922
8,22.0,10.0,12.0,80.0,70.0,10.0,8604.195953901162,513137.3000141098,113850.90359157824,0.22187220377167605,158903.40981376573,150644.0811412095,18.468130045517913,3.5927619590012174,2.0,0.6361180541422059
9,23.0,10.0,13.0,80.0,70.0,10.0,8607.527474066927,513352.1916342387,116769.1816797633,0.22746407550736794,158446.47937590265,150183.9932781236,18.407897024235588,3.581789166975332,2.0,0.6363746472501453
10,24.0,10.0,14.0,80.0,70.0,10.0,8610.875991801722,513568.1684510575,119699.27617669059,0.23307378363754216,157997.24114360064,149731.57553310497,18.3485677060066,3.570999302205561,2.0,0.6366325442308043
11,25.0,10.0,15.0,80.0,70.0,10.0,8614.241632161831,513785.23911316646,122641.34823681589,0.23870157976609926,157555.3737231077,149286.5053440576,18.2901038130698,3.5603846717987016,2.0,0.636891754857359
12,26.0,10.0,16.0,80.0,70.0,10.0,8617.619664578178,514003.09822267585,125591.22502148445,0.24433943191345506,157120.44064862415,148848.40621575914,18.232464040441613,3.5499362965920653,2.0,0.6371519145424304
13,27.0,10.0,17.0,80.0,70.0,10.0,8585.145444441703,511974.49013614195,128449.14353370003,0.2508897337825238,155961.04617953574,147720.73966965382,18.166383690157502,3.523042193361499,2.0,0.6346455924328596
14,28.0,10.0,18.0,80.0,70.0,10.0,8588.756843651308,512207.0920769406,131418.38232359296,0.25657275027314946,155547.01939376295,147303.24309635576,18.110539420933915,3.5130851755006205,2.0,0.6349238105492542
15,29.0,10.0,19.0,80.0,70.0,10.0,8595.942950476456,512669.89908733545,137318.4004744413,0.26784954747469686,154734.86970953547,146485.1606921836,18.00091864278355,3.493574449830072,2.0,0.6354774017727534
16,30.0,10.0,20.0,80.0,70.0,10.0,8564.499995391223,510705.2253286443,140171.39010115992,0.2744663323367372,153636.3595485091,145417.4187592188,17.938742440444248,3.468109509092105,2.0,0.6330502683926432
17,20.0,15.0,5.0,80.0,70.0,10.0,8607.152041668389,513327.9757730592,116440.43225284721,0.22683437830850892,158496.45201472635,150234.3929490992,18.414505895495232,3.582991165880669,2.0,0.6363457317766898
18,21.0,15.0,6.0,80.0,70.0,10.0,8607.152041668389,513327.9757730592,116440.43225284721,0.22683437830850892,158496.45201472635,150234.3929490992,18.414505895495232,3.582991165880669,2.0,0.6363457317766898
19,22.0,15.0,7.0,80.0,70.0,10.0,8610.392746499647,513537.0001979925,119276.55606895067,0.23226477551367086,158069.07475177324,149803.33025197795,18.357940155056518,3.572710604915848,2.0,0.6365953260207063
20,23.0,15.0,8.0,80.0,70.0,10.0,8613.539408684472,513739.94921078684,122027.69606875513,0.23752814289839727,157645.04810240323,149376.9744385883,18.302005786780285,3.5625423000230096,2.0,0.6368376723404542
21,24.0,15.0,9.0,80.0,70.0,10.0,8616.756578543433,513947.43631360296,124837.8171847071,0.2428999706276051,157229.10604044734,148957.99786985226,18.246901210133196,3.5525499852472517,2.0,0.6370854443387381
22,25.0,15.0,10.0,80.0,70.0,10.0,8584.135823326227,511909.4605920405,127618.48186052745,0.24929893210594778,156075.67996773895,147836.54141280285,18.18187446936993,3.525803988544025,2.0,0.6345678112724379
23,26.0,15.0,11.0,80.0,70.0,10.0,8587.567936238545,512130.518385187,130441.12204336113,0.25470288795648943,155679.24583193328,147436.85406602942,18.128444163449913,3.516271708987448,2.0,0.6348322191556139
24,27.0,15.0,12.0,80.0,70.0,10.0,8591.017185700472,512352.6696353643,133275.31912041781,0.26012418207026883,155288.45073680286,147042.78339616,18.075676882043318,3.506873383469847,2.0,0.6350979416243159
25,28.0,15.0,13.0,80.0,70.0,10.0,8597.919328332884,512797.17619597766,138939.255268644,0.2709438774591556,154521.63844362684,146269.92175119073,17.9719804923534,3.488441143075258,2.0,0.6356296503514537
26,29.0,15.0,14.0,80.0,70.0,10.0,8566.490238205319,510833.25464359694,141714.78989446544,0.27741888102672246,153439.08731607927,145218.1981119291,17.91154639174897,3.463358228075235,2.0,0.6332036326412636
27,30.0,15.0,15.0,80.0,70.0,10.0,8570.25096064376,511075.1677039012,144629.39958683174,0.2829904654468066,153077.36476423504,144852.3014282191,17.861479840811633,3.454631833541847,2.0,0.6334934214259093
28,31.0,15.0,16.0,80.0,70.0,10.0,8573.934221020772,511318.1162961896,150329.42290387434,0.2940037094574476,152740.9893216678,144482.0222866683,17.814574428060304,3.4458009202799555,2.0,0.6337767686112947
29,32.0,15.0,17.0,80.0,70.0,10.0,8581.393143207883,511791.83511638764,153250.52007995412,0.2994391656230762,152012.7712209808,143777.88843577224,17.714229925626693,3.429007792435968,2.0,0.6343519611795434
30,33.0,15.0,18.0,80.0,70.0,10.0,8551.273234414735,509909.60245541215,156095.2571437177,0.30612339205235317,150996.27302848903,142790.0285011805,17.657753282961668,3.4054479846629975,2.0,0.632026684032269
31,34.0,15.0,19.0,80.0,70.0,10.0,8559.166912198063,510416.78275321086,161876.92992913342,0.31714656609832076,150327.89053311065,142115.05989278088,17.56337878151102,3.3893504286129525,2.0,0.6326350574918156
32,35.0,15.0,20.0,80.0,70.0,10.0,8563.303777316703,510682.5634921781,164903.5850965922,0.3229081955901123,150003.37203765658,141785.49967637207,17.516997637640724,3.3814906348544183,2.0,0.6329538776269632
33,25.0,20.0,5.0,80.0,70.0,10.0,8598.436270035058,512830.4662757205,139363.07838769842,0.2717527283427241,154470.66151657642,146218.06364618422,17.964971381470345,3.487204361480377,2.0,0.6356694722054164
34,26.0,20.0,6.0,80.0,70.0,10.0,8598.436270035058,512830.4662757205,139363.07838769842,0.2717527283427241,154470.66151657642,146218.06364618422,17.964971381470345,3.487204361480377,2.0,0.6356694722054164
35,27.0,20.0,7.0,80.0,70.0,10.0,8598.436270035058,512830.4662757205,139363.07838769842,0.2717527283427241,154470.66151657642,146218.06364618422,17.964971381470345,3.487204361480377,2.0,0.6356694722054164
36,28.0,20.0,8.0,80.0,70.0,10.0,8567.021007732266,510867.3976889334,142126.26932025957,0.27820579266402923,153402.38675561114,145179.69455150294,17.906152747513516,3.4624399435589286,2.0,0.633244532393275
37,29.0,20.0,9.0,80.0,70.0,10.0,8573.94198309912,511312.5858783277,147487.49827518922,0.2884487930642987,152718.95714708013,144490.60739273683,17.811988633480194,3.4460056693963055,2.0,0.6337778328425535
38,30.0,20.0,10.0,80.0,70.0,10.0,8577.470714253426,511539.55493067263,150217.90170519572,0.29365842828235306,152384.47399234463,144152.77508334795,17.765665318929393,3.4379485916770944,2.0,0.6340497326950684
39,31.0,20.0,11.0,80.0,70.0,10.0,8581.01681030469,511767.63100961223,152959.71267489853,0.2988850865247974,152053.82839425214,143818.75716527592,17.719791460104723,3.4299824846745293,2.0,0.6343229645315415
40,32.0,20.0,12.0,80.0,70.0,10.0,8554.431414891153,510112.5260029638,158409.54430087138,0.3105384326515264,150726.76913750346,142517.8381192837,17.61972968479534,3.398956423612098,2.0,0.6322700917070231
41,33.0,20.0,13.0,80.0,70.0,10.0,8558.210475360178,510355.333014772,161176.94044959082,0.31581317960857996,150413.40768089765,142200.85466276394,17.575334015674276,3.3913965772803367,2.0,0.6325613455668057
42,34.0,20.0,14.0,80.0,70.0,10.0,8565.671060267694,510834.87315683486,166740.65369305506,0.3264081260988282,149793.52060128248,141509.2536947172,17.487657364769404,3.3749023504246685,2.0,0.6331362983257163
43,35.0,20.0,15.0,80.0,70.0,10.0,8540.605614221124,509274.658047914,172188.41662226676,0.33810521277904776,148545.20861494084,140350.91842794142,17.39281911900901,3.3472768184375172,2.0,0.6312005218193848
44,36.0,20.0,16.0,80.0,70.0,10.0,8544.74365089467,509540.26068954647,175062.47277504674,0.3435694611023271,148255.87062377174,140056.82122352632,17.350534630520922,3.3402627941209513,2.0,0.6315194990475212
45,37.0,20.0,17.0,80.0,70.0,10.0,8520.545266622157,508033.9589492255,180525.55617749167,0.35534151408082143,147052.48382514357,138878.06727395311,17.258576678325696,3.3121502900187867,2.0,0.6296503643698408
46,38.0,20.0,18.0,80.0,70.0,10.0,8529.143522328819,508585.3771316759,186209.4963639917,0.36613222624326636,146500.34410382438,138317.87005654824,17.176442595941165,3.2987899559320866,2.0,0.6303132844470403
47,39.0,20.0,19.0,80.0,70.0,10.0,8506.319144058023,507165.1497965327,191786.96386472782,0.37815485535958054,145356.1184256373,137195.9932312302,17.088016092974115,3.27203393372296,2.0,0.6285500092710486
48,40.0,20.0,20.0,80.0,70.0,10.0,8510.939455917678,507461.2321819806,194701.2554981817,0.3836771030981139,145095.92894925553,136930.9558967853,17.048168383852143,3.2657129681350976,2.0,0.628906296207361
49,30.0,25.0,5.0,80.0,70.0,10.0,8564.335032856192,510748.81650783843,165657.75673662743,0.3243429086518208,149913.24600363162,141695.05050918777,17.504364954022098,3.379333481884177,2.0,0.6330333531795089
50,31.0,25.0,6.0,80.0,70.0,10.0,8564.335032856192,510748.81650783843,165657.75673662743,0.3243429086518208,149913.24600363162,141695.05050918777,17.504364954022098,3.379333481884177,2.0,0.6330333531795089
51,32.0,25.0,7.0,80.0,70.0,10.0,8564.335032856192,510748.81650783843,165657.75673662743,0.3243429086518208,149913.24600363162,141695.05050918777,17.504364954022098,3.379333481884177,2.0,0.6330333531795089
52,33.0,25.0,8.0,80.0,70.0,10.0,8535.058738086207,508918.6084117788,168332.83061351092,0.3307657213377205,148967.7471781801,140777.18905027298,17.453628820788026,3.357443091579819,2.0,0.6307729321699934
53,34.0,25.0,9.0,80.0,70.0,10.0,8542.453141566762,509393.244368688,173471.84481169033,0.3405460255498306,148414.6296329142,140218.29880232096,17.373771582163297,3.3441139278523933,2.0,0.6313429380164826
54,35.0,25.0,10.0,80.0,70.0,10.0,8546.262068793345,509637.71832511324,176116.65769551176,0.3455722592007243,148144.14567323803,139943.99965329724,17.334378992915045,3.337572074096619,2.0,0.6316365429539984
55,36.0,25.0,11.0,80.0,70.0,10.0,8521.803525251491,508114.6563814884,181357.88900603447,0.35692316040943406,146975.57014394208,138799.4786095758,17.247002903602453,3.310276002216408,2.0,0.6297473775720989
56,37.0,25.0,12.0,80.0,70.0,10.0,8529.859296617497,508631.2789715123,186682.64026962256,0.3670294140130505,146461.57403391137,138277.75448639065,17.17045603460194,3.2978332260470884,2.0,0.6303684684992341
57,38.0,25.0,13.0,80.0,70.0,10.0,8506.523498718383,507178.24590153457,191915.9812687907,0.37839947359660603,145343.76223035526,137183.5040922351,17.086153027409278,3.2717360759967056,2.0,0.6285657679178401
58,39.0,25.0,14.0,80.0,70.0,10.0,8515.072061313167,507726.0461920875,197305.4834852121,0.3886061882485456,144857.45306193642,136689.10967581344,17.01188809899478,3.2599450953049565,2.0,0.6292249657512031
59,40.0,25.0,15.0,80.0,70.0,10.0,8493.258887318669,506368.4052239475,202623.3188974161,0.4001500030551936,143795.53862292992,135707.89623233723,16.930549336913753,3.236543801960564,2.0,0.6275396371783691
60,41.0,25.0,16.0,80.0,70.0,10.0,8502.081226723772,506933.6576222121,208086.00202067965,0.4104797519200312,143330.3863658938,135175.2225827522,16.858270645001273,3.2238398868097424,2.0,0.6282200263025133
61,42.0,25.0,17.0,80.0,70.0,10.0,8481.576113229396,505658.005472753,213482.99014657922,0.4221884907112038,142316.98216940416,134239.2560641038,16.779544305146413,3.201517702774203,2.0,0.626635544292184
62,43.0,25.0,18.0,80.0,70.0,10.0,8490.909509607838,506255.59705481847,219016.92814780318,0.4326212478873345,141875.43127404383,133731.36544451423,16.709097077704754,3.1894048465400138,2.0,0.6273554463373845
63,44.0,25.0,19.0,80.0,70.0,10.0,8471.506556761298,505049.0679346618,224515.35172363033,0.44454166135135975,140904.0174989242,132777.89915834268,16.632698865878297,3.1666653045932165,2.0,0.6258558789933792
64,45.0,25.0,20.0,80.0,70.0,10.0,8481.603554738122,505694.872453228,230104.86986707637,0.4550270971718403,140488.75149515245,132353.7092869315,16.563937537102934,3.156548655987745,2.0,0.6266348627889049
65,35.0,30.0,5.0,80.0,70.0,10.0,8512.438208957794,507557.2718247906,195645.58097443084,0.3854650338690605,145009.66398701002,136843.4101328724,17.035032787012035,3.263625059417574,2.0,0.6290218676567075
66,36.0,30.0,6.0,80.0,70.0,10.0,8512.438208957794,507557.2718247906,195645.58097443084,0.3854650338690605,145009.66398701002,136843.4101328724,17.035032787012035,3.263625059417574,2.0,0.6290218676567075
67,37.0,30.0,7.0,80.0,70.0,10.0,8512.438208957794,507557.2718247906,195645.58097443084,0.3854650338690605,145009.66398701002,136843.4101328724,17.035032787012035,3.263625059417574,2.0,0.6290218676567075
68,38.0,30.0,8.0,80.0,70.0,10.0,8516.53255622779,507819.6310070875,198225.67761663874,0.39034662213338533,144791.15390206708,136619.73240548215,17.001185981046625,3.258290493174044,2.0,0.6293375839954461
69,39.0,30.0,9.0,80.0,70.0,10.0,8493.847442805007,506406.4053434942,203124.8813114144,0.4011104108638502,143751.57507397022,135603.76646366905,16.924200256944776,3.23406037566969,2.0,0.6275850054992191
70,40.0,30.0,10.0,80.0,70.0,10.0,8502.215074941567,506942.22878765955,208166.87252408918,0.41063233777528335,143328.3041358911,135172.4829580461,16.857760345103497,3.223774548567765,2.0,0.6282303488648517
71,41.0,30.0,11.0,80.0,70.0,10.0,8510.661540353616,507483.0506509322,213251.3194862489,0.420213678491761,142910.6380242924,134746.74527407048,16.791954109169577,3.213620985653686,2.0,0.6288817368215831
72,42.0,30.0,12.0,80.0,70.0,10.0,8489.67950240747,506176.8879414081,218307.5352354648,0.43128704695172637,141933.89737199867,133790.6050486001,16.71840466200751,3.1908176720185435,2.0,0.6272605728062887
73,43.0,30.0,13.0,80.0,70.0,10.0,8498.672692802778,506752.30724709155,223492.22538685458,0.4410285304885255,141538.16606780756,133385.88246722784,16.654149557691657,3.1811653054384057,2.0,0.6279541777870441
74,44.0,30.0,14.0,80.0,70.0,10.0,8483.448081923874,505812.8310352236,231125.1975949864,0.45693818624955246,140409.5884488844,132273.46668438302,16.551004626062657,3.154634922851047,2.0,0.6267771510000623
75,45.0,30.0,15.0,80.0,70.0,10.0,8464.604462607465,504640.51403186994,236246.849572306,0.46814879702144985,139504.93782165335,131387.43335465252,16.480975388503833,3.1335036124314954,2.0,0.6253208249192863
76,46.0,30.0,16.0,80.0,70.0,10.0,8452.030035966885,503868.38591666584,243976.07032182295,0.4842059496905484,138455.9429914713,130351.11314066911,16.381383218266375,3.1087880589630954,2.0,0.6243496680130417
77,47.0,30.0,17.0,80.0,70.0,10.0,8462.20861761294,504518.78254606284,249420.50433039913,0.4943730797725591,138106.74052383724,129991.67788152986,16.320413117254848,3.1002157651432753,2.0,0.6251345580929082
78,48.0,30.0,18.0,80.0,70.0,10.0,8450.92297207152,503825.6782480314,257250.3520179151,0.5105939675652493,137101.57368211704,128999.21861607066,16.22326627934111,3.0765462663631826,2.0,0.6242603873155271
79,49.0,30.0,19.0,80.0,70.0,10.0,8435.399824187305,502861.68131161924,262529.18645067996,0.5220703748313501,136294.99887288397,128207.6664136101,16.157503107567884,3.0576682685021304,2.0,0.6230602213678916
80,50.0,30.0,20.0,80.0,70.0,10.0,8426.691519786966,502331.57807084813,270595.567385186,0.5386791895989894,135360.06384918612,127281.26921141565,16.063251340261253,3.0355743063513736,2.0,0.6223860076148019
81,40.0,35.0,5.0,80.0,70.0,10.0,8480.798937036583,505643.41988573334,229659.6319040923,0.4541928617522431,140518.25241464906,132384.32465740052,16.568987598678984,3.15727881237722,2.0,0.626572798580163
82,41.0,35.0,6.0,80.0,70.0,10.0,8480.798937036583,505643.41988573334,229659.6319040923,0.4541928617522431,140518.25241464906,132384.32465740052,16.568987598678984,3.15727881237722,2.0,0.626572798580163
83,42.0,35.0,7.0,80.0,70.0,10.0,8480.798937036583,505643.41988573334,229659.6319040923,0.4541928617522431,140518.25241464906,132384.32465740052,16.568987598678984,3.15727881237722,2.0,0.626572798580163
84,43.0,35.0,8.0,80.0,70.0,10.0,8485.070526972238,505916.5858595067,232022.61523929884,0.45861832113116696,140347.16537671033,132209.22238248395,16.540483067356536,3.1531027386311488,2.0,0.6269023065320765
85,44.0,35.0,9.0,80.0,70.0,10.0,8465.58624327502,504703.27207808744,236769.3812521814,0.4691259089272331,139471.75314225862,131352.9498418072,16.475144087398984,3.132681203398065,2.0,0.6253965742567827
86,45.0,35.0,10.0,80.0,70.0,10.0,8451.552840817872,503838.2529755432,243904.40368227308,0.48409266712448773,138461.96745636145,130411.1941777371,16.38302097428077,3.110220952063176,2.0,0.624312805263737
87,46.0,35.0,11.0,80.0,70.0,10.0,8460.948610155887,504438.35672743595,248776.14703121816,0.49317452511970616,138148.4420467265,130034.51073459319,16.327772264318387,3.1012373004330502,2.0,0.6250374198578322
88,47.0,35.0,12.0,80.0,70.0,10.0,8448.38877316247,503663.85041076696,255999.86854617382,0.5082752481389942,137183.67954024556,129082.8313352727,16.237851171815077,3.0785403745588846,2.0,0.6240648260482535
89,48.0,35.0,13.0,80.0,70.0,10.0,8437.048008712763,502966.8907879635,263314.2200625113,0.5235219750747312,136253.67822722098,128164.24194632327,16.149449201487847,3.0566326236033983,2.0,0.6231874265294978
90,49.0,35.0,14.0,80.0,70.0,10.0,8426.784778116431,502337.5288018708,270638.4822009822,0.5387582386020097,135353.67465145251,127275.39002291123,16.06231536884071,3.0354340915839,2.0,0.6223932059355765
91,50.0,35.0,15.0,80.0,70.0,10.0,8437.950305623926,503049.95407996903,275777.6318957414,0.5482112256626933,135087.10559837293,126996.85450140848,16.009469208219542,3.028791203139132,2.0,0.6232550060415075
92,51.0,35.0,16.0,80.0,70.0,10.0,8429.598788409683,502541.174198047,283315.0012561207,0.5637647536209018,134235.3798733144,126153.16055645596,15.924290496231206,3.008669659116279,2.0,0.6226084564805882
93,52.0,35.0,17.0,80.0,70.0,10.0,8422.25582428851,502093.5524954295,290802.73073873704,0.5791803724493837,133408.71042454656,125335.41172475058,15.840021154405694,2.9891668889290135,2.0,0.622037250472824
94,53.0,35.0,18.0,80.0,70.0,10.0,8416.434328204929,501744.22845071985,298489.009446098,0.5949027263707029,132618.20267911302,124550.58256606119,15.75705310676357,2.970449231226876,2.0,0.6215864185570598
95,54.0,35.0,19.0,80.0,70.0,10.0,8411.783760060465,501468.35046541307,306197.74263339,0.610602328839313,131854.67269123188,123792.55204021424,15.674995512519462,2.9523707032396285,2.0,0.6212258289203011
96,55.0,35.0,20.0,80.0,70.0,10.0,8392.657077028874,500289.20225204586,316575.5735592939,0.6327851413427128,130623.50181470951,122579.49703669988,15.564022289464516,2.9234401416285336,2.0,0.6197474980130341
97,45.0,40.0,5.0,80.0,70.0,10.0,8446.980258661635,503600.86516377405,268044.45323263,0.532255744130742,135987.6633744524,127888.38022110863,16.098967821667276,3.050053503436264,2.0,0.6239539582351721
98,46.0,40.0,6.0,80.0,70.0,10.0,8446.980258661635,503600.86516377405,268044.45323263,0.532255744130742,135987.6633744524,127888.38022110863,16.098967821667276,3.050053503436264,2.0,0.6239539582351721
99,47.0,40.0,7.0,80.0,70.0,10.0,8446.980258661635,503600.86516377405,268044.45323263,0.532255744130742,135987.6633744524,127888.38022110863,16.098967821667276,3.050053503436264,2.0,0.6239539582351721
100,48.0,40.0,8.0,80.0,70.0,10.0,8451.654505027776,503899.19806359574,270269.3338463874,0.5363559515176634,135862.65987115182,127758.96312457765,16.075273757384302,3.046966991057294,2.0,0.6243146808655226
101,49.0,40.0,9.0,80.0,70.0,10.0,8440.561941416241,503216.579024021,276979.08803987317,0.5504172548866908,135021.4476000822,126929.00652713382,15.99673677383463,3.027173073710331,2.0,0.6234565734866818
102,50.0,40.0,10.0,80.0,70.0,10.0,8430.565269192633,502602.81470186956,283745.0487264911,0.5645512528512221,134208.49239191442,126126.17688863772,15.919275648377385,3.00802611643928,2.0,0.6226830572937442
103,51.0,40.0,11.0,80.0,70.0,10.0,8421.721116004193,502059.4478181851,290572.0990667976,0.5787603446754075,133423.39504649414,125350.00557706054,15.842770522636208,2.9895149426793988,2.0,0.6219959577468577
104,52.0,40.0,12.0,80.0,70.0,10.0,8413.977168189784,501587.3900272019,297460.254181637,0.5930377439622341,132665.48095564853,124599.93855376236,15.76727370466477,2.9716263389746107,2.0,0.6213964471780691
105,53.0,40.0,13.0,80.0,70.0,10.0,8413.100295168382,501552.2994827279,306732.0245839799,0.611565383909765,131833.00804490424,123769.55132384942,15.66996748162096,2.9518221513273373,2.0,0.6213275522941429
106,54.0,40.0,14.0,80.0,70.0,10.0,8407.942815675522,501244.09212753293,313791.506780393,0.6260253471487384,131133.59482161843,123075.37383660773,15.596394706340867,2.9352664761885365,2.0,0.6209290461859603
107,55.0,40.0,15.0,80.0,70.0,10.0,8382.002560064178,499633.6151631607,323220.92076514603,0.6469158818699474,129873.81073027331,121852.38629633638,15.494365433512694,2.9060990301280394,2.0,0.6189232398510464
108,56.0,40.0,16.0,80.0,70.0,10.0,8386.224128193357,499914.3182517204,330464.0652823998,0.6610414089320047,129350.34306876633,121313.54728338662,15.424145728935136,2.8932480751281084,2.0,0.6192481227578507
109,57.0,40.0,17.0,80.0,70.0,10.0,8371.559897864057,499012.145518451,340126.49528107163,0.6815996330664369,128305.571145728,120283.14287388489,15.326363630088132,2.868673609694085,2.0,0.6181124970486515
110,58.0,40.0,18.0,80.0,70.0,10.0,8372.760211523677,499103.89465507737,347478.2714410417,0.6962042876487236,127736.3177877951,119714.34173094634,15.256177719264889,2.8551080776592053,2.0,0.6182047902000825
111,59.0,40.0,19.0,80.0,70.0,10.0,8363.65417150197,498552.06973819516,357461.6541147283,0.7169996391800004,126800.09619358985,118786.34672072821,15.160848786125587,2.832976008841119,2.0,0.6174988782811148
112,60.0,40.0,20.0,80.0,70.0,10.0,8357.790468435007,498204.72701571067,367554.4705901736,0.7377578948153636,125924.47468483014,117916.86211529955,15.06671831034901,2.812239374579378,2.0,0.6170439773438285
113,50.0,45.0,5.0,80.0,70.0,10.0,8401.2553677535,500817.9002969146,311155.64713646244,0.6212949795763907,131242.1324867835,123189.3290222965,15.621728746697734,2.9379842321937644,2.0,0.6204124424216488
114,51.0,45.0,6.0,80.0,70.0,10.0,8401.2553677535,500817.9002969146,311155.64713646244,0.6212949795763907,131242.1324867835,123189.3290222965,15.621728746697734,2.9379842321937644,2.0,0.6204124424216488
115,52.0,45.0,7.0,80.0,70.0,10.0,8401.2553677535,500817.9002969146,311155.64713646244,0.6212949795763907,131242.1324867835,123189.3290222965,15.621728746697734,2.9379842321937644,2.0,0.6204124424216488
116,53.0,45.0,8.0,80.0,70.0,10.0,8406.513688563784,501153.017055884,313228.34247644385,0.6250153781704471,131161.34455870945,123103.4881588268,15.602347110567518,2.935936984227131,2.0,0.6208186491094148
117,54.0,45.0,9.0,80.0,70.0,10.0,8383.63114444009,499732.41975730367,321543.1402918679,0.6434306192262375,130042.07589424614,122007.13946508855,15.511426213030408,2.9097897911158976,2.0,0.6190493374462236
118,55.0,45.0,10.0,80.0,70.0,10.0,8379.127613899453,499462.6999038898,327890.1191847789,0.6564856980268474,129437.42873621371,121406.66580734581,15.447602029774615,2.895468890496522,2.0,0.6187002031818577
119,56.0,45.0,11.0,80.0,70.0,10.0,8381.69407772211,499641.6667087418,336408.1029021861,0.6732987365088786,128786.80503085864,120754.37782401056,15.3652476261528,2.8799122523924083,2.0,0.6188964824862919
120,57.0,45.0,12.0,80.0,70.0,10.0,8365.443497841965,498638.45277485065,345018.7974678873,0.6919217632493196,127808.25623111178,119791.638465577,15.278120791095237,2.8569515537893806,2.0,0.6176396444389178
121,58.0,45.0,13.0,80.0,70.0,10.0,8371.811124851987,499057.4778753258,353771.01121863275,0.7088782893801494,127229.87173978206,119208.38478426925,15.19741306180405,2.843041338248382,2.0,0.6181302322957474
122,59.0,45.0,14.0,80.0,70.0,10.0,8348.748319427279,497629.9623922028,364785.890394201,0.7330464762222217,125975.09876938109,117975.9920109974,15.089100060213928,2.8136495835852258,2.0,0.6163454645169896
123,60.0,45.0,15.0,80.0,70.0,10.0,8341.35035125708,497183.0970403017,373688.5790603972,0.7516115919566468,125167.1386827673,117176.99159669093,15.005620602412897,2.7945939507850515,2.0,0.6157716622644346
124,61.0,45.0,16.0,80.0,70.0,10.0,8337.456282839634,496957.4772401188,382852.6088979661,0.7703930948461819,124422.71196549648,116436.27851328129,14.923342053569323,2.77692843237604,2.0,0.6154689569242334
125,62.0,45.0,17.0,80.0,70.0,10.0,8336.889630543943,496941.95629789203,392199.5696767091,0.7892261152560138,123736.04640811116,115749.87554644757,14.841991664946386,2.7605581744203085,2.0,0.6154238455166838
126,63.0,45.0,18.0,80.0,70.0,10.0,8315.32651843963,495609.1130987673,403739.10110056214,0.8146321171864794,122535.86666925716,114571.56049033717,14.736146126977465,2.732456137637705,2.0,0.6137544461792069
127,64.0,45.0,19.0,80.0,70.0,10.0,8307.103048294653,495111.5359303604,413240.9597315519,0.8346421558427919,121729.52049958767,113773.57018739905,14.653666842928745,2.71342459532732,2.0,0.6131168210186109
128,65.0,45.0,20.0,80.0,70.0,10.0,8303.986461936873,494935.95546509157,422964.2494776605,0.8545837997972905,121008.13769637856,113055.49465979481,14.572294674497082,2.6962989676908253,2.0,0.6128740618997677
129,55.0,50.0,5.0,80.0,70.0,10.0,8350.301742868312,497716.25660440524,359359.5935869315,0.7220169902397977,126417.9743302692,118416.98712190898,15.139330077291897,2.824167026066776,2.0,0.6164665868053015
130,56.0,50.0,6.0,80.0,70.0,10.0,8350.301742868312,497716.25660440524,359359.5935869315,0.7220169902397977,126417.9743302692,118416.98712190898,15.139330077291897,2.824167026066776,2.0,0.6164665868053015
131,57.0,50.0,7.0,80.0,70.0,10.0,8350.301742868312,497716.25660440524,359359.5935869315,0.7220169902397977,126417.9743302692,118416.98712190898,15.139330077291897,2.824167026066776,2.0,0.6164665868053015
132,58.0,50.0,8.0,80.0,70.0,10.0,8356.366660912685,498101.87152781576,361259.31094390125,0.7252719405285898,126380.18809008715,118373.35163776812,15.123820341828306,2.823126348555278,2.0,0.6169351196536513
133,59.0,50.0,9.0,80.0,70.0,10.0,8350.058030921491,497725.1058460347,370834.18859436846,0.7450582344324852,125540.83466492582,117540.78897108501,15.03472601028995,2.8032702781761185,2.0,0.6164455300604277
134,60.0,50.0,10.0,80.0,70.0,10.0,8347.02110655883,497554.5081876447,380552.3000852369,0.7648454467258443,124760.80702153912,116764.78082020188,14.946746321691453,2.7847629956911573,2.0,0.6162088618651339
135,61.0,50.0,11.0,80.0,70.0,10.0,8340.425647146021,497156.6732393714,388516.2141406281,0.781476413882038,124066.90566189594,116076.60443382127,14.875368585576917,2.7683504428491137,2.0,0.6156978957540419
136,62.0,50.0,12.0,80.0,70.0,10.0,8327.22539172978,496347.00823909824,398476.91203128756,0.8028192079669692,123116.7625926985,115140.41655970583,14.78484810978846,2.7460229796317086,2.0,0.6146754878468705
137,63.0,50.0,13.0,80.0,70.0,10.0,8319.484277799758,495881.4506889533,408716.76597631595,0.8242227359149349,122263.48928198981,114294.14203372697,14.69604186983627,2.7258398904537233,2.0,0.6140750745900747
138,64.0,50.0,14.0,80.0,70.0,10.0,8301.745377484654,494786.2305084148,418918.36272171524,0.8466653615062368,121245.29200276682,113322.92184767137,14.604795315886083,2.702676929706505,2.0,0.612701468403991
139,65.0,50.0,15.0,80.0,70.0,10.0,8304.85984579449,495005.02391485963,429578.5243766106,0.867826594928656,120575.12222017278,112621.80335382522,14.518622163290448,2.685955716139,2.0,0.6129404211604974
140,66.0,50.0,16.0,80.0,70.0,10.0,8296.253057119608,494485.91249293264,440343.5495396843,0.8905077746698756,119712.11596416785,111748.34881613059,14.42966061183902,2.665124401611583,2.0,0.6122728548211483
141,67.0,50.0,17.0,80.0,70.0,10.0,8288.603483423363,494027.7365837851,451441.80850107514,0.9137985077979776,118709.37657188864,110794.07681839284,14.32199969624548,2.64236564397544,2.0,0.611679216990459
142,68.0,50.0,18.0,80.0,70.0,10.0,8277.742113884613,493371.3714232036,464512.986225085,0.9415077832447548,117822.40367744533,109897.90679050684,14.233640291815414,2.620992579991812,2.0,0.6108367499813924
143,69.0,50.0,19.0,80.0,70.0,10.0,8266.51798524846,492688.2768161485,475821.66034604656,0.9657661501931862,116920.47995954746,109007.32665343379,14.143860833326825,2.5997528312165588,2.0,0.609966465566523
144,70.0,50.0,20.0,80.0,70.0,10.0,8258.515606955752,492208.67393893795,487395.6227019015,0.9902215229192942,116068.98838136501,108164.23266461997,14.05446134697689,2.5796455957518374,2.0,0.6093453011685473
145,60.0,55.0,5.0,80.0,70.0,10.0,8306.228666806826,495056.03694343474,413033.31756202993,0.8343162929840673,121730.96631822213,113775.32203676853,14.655383472005871,2.71346637577913,2.0,0.613049237885356
146,61.0,55.0,6.0,80.0,70.0,10.0,8306.228666806826,495056.03694343474,413033.31756202993,0.8343162929840673,121730.96631822213,113775.32203676853,14.655383472005871,2.71346637577913,2.0,0.613049237885356
147,62.0,55.0,7.0,80.0,70.0,10.0,8306.221556617822,495055.5891650176,413033.31756202993,0.8343170476242274,121730.84329696087,113775.21993107314,14.655381206389103,2.7134639406256515,2.0,0.6130486879686942
148,63.0,55.0,8.0,80.0,70.0,10.0,8305.430226742148,495015.8781768911,416454.24393414013,0.841294718601577,121480.79636639384,113526.1786655455,14.6266711115392,2.7075244707292505,2.0,0.6129891430815416
149,64.0,55.0,9.0,80.0,70.0,10.0,8306.832321993608,495123.4473103653,426859.9907121979,0.8621284106640644,120791.1333820338,112836.1926272089,14.541178718898758,2.6910687588818396,2.0,0.6130934501888639
150,65.0,55.0,10.0,80.0,70.0,10.0,8300.182656730358,494727.342433314,437500.2933855669,0.8843260840076553,119962.74754346145,112014.76518833738,14.453025012189029,2.671478256340349,2.0,0.6125772794626902
151,66.0,55.0,11.0,80.0,70.0,10.0,8287.538410161944,493953.9095900079,448278.4860799968,0.9075310011253425,119033.2880177663,111099.06083096484,14.362924444707378,2.649639311484787,2.0,0.6115974086795528
152,67.0,55.0,12.0,80.0,70.0,10.0,8284.66124065836,493796.3958294096,459412.97769845254,0.9303692403967335,118265.32395511324,110333.84178527318,14.275215427603289,2.631389342041333,2.0,0.61137286489657
153,68.0,55.0,13.0,80.0,70.0,10.0,8267.56595422723,492743.1453109056,470583.45867181313,0.9550279149492574,117263.3089979828,109350.0485723205,14.183534748582893,2.607926522896738,2.0,0.6100484846432614
154,69.0,55.0,14.0,80.0,70.0,10.0,8265.085940442743,492611.7682121451,482258.59404010803,0.9789830961415878,116497.21375683657,108585.28684515973,14.09510011103358,2.589687460198564,2.0,0.6098545164989821
155,70.0,55.0,15.0,80.0,70.0,10.0,8256.026477939828,492065.96221937763,494031.4516970111,1.0039943617899691,115622.24526162332,107720.03075641216,14.004587505934838,2.569051673270218,2.0,0.609151525552254
156,71.0,55.0,16.0,80.0,70.0,10.0,8247.477290725645,491552.9362671586,506126.3614751168,1.0296477228243788,114753.1061741789,106858.9053100275,13.91372199390227,2.548514399437344,2.0,0.6084879025202407
157,72.0,55.0,17.0,80.0,70.0,10.0,8246.410803118728,491512.4884761418,518649.6389254908,1.0552115176838812,113995.45108736967,106101.72677540421,13.82364446896794,2.5304561908787426,2.0,0.608403098232154
158,73.0,55.0,18.0,80.0,70.0,10.0,8229.238620383027,491244.39195976336,531405.1557568517,1.0817531242176048,113040.04330965098,105185.04471224263,13.736391484585432,2.50859392838508,2.0,0.6080436811436223
159,74.0,55.0,19.0,80.0,70.0,10.0,8186.909703480511,491273.254691379,546020.4285588597,1.1114393534447,112281.8335440075,104450.65655889809,13.714800530445938,2.4910792553857197,2.0,0.608055658459337
160,75.0,55.0,20.0,80.0,70.0,10.0,8169.857893034267,491433.0926484991,559292.729412995,1.1380851997548178,111547.76915019483,103734.042777319,13.653575204203,2.4739884894276467,2.0,0.6082235200286636
161,65.0,60.0,5.0,80.0,70.0,10.0,8268.396264190196,492799.6871529615,472564.5290990436,0.9589383707387844,117159.29265987713,109243.1685670715,14.169530452632664,2.6053775052776746,2.0,0.610112355065869
162,66.0,60.0,6.0,80.0,70.0,10.0,8268.396264190196,492799.6871529615,472564.5290990436,0.9589383707387844,117159.29265987713,109243.1685670715,14.169530452632664,2.6053775052776746,2.0,0.610112355065869
163,67.0,60.0,7.0,80.0,70.0,10.0,8268.396264190196,492799.6871529615,472564.5290990436,0.9589383707387844,117159.29265987713,109243.1685670715,14.169530452632664,2.6053775052776746,2.0,0.610112355065869
164,68.0,60.0,8.0,80.0,70.0,10.0,8263.705303814546,492513.7574624434,477097.4545826924,0.9686987365405189,116796.19681969681,108885.00426465481,14.133635279295767,2.596835522937269,2.0,0.6097486508540874
165,69.0,60.0,9.0,80.0,70.0,10.0,8261.933718893551,492425.15687197325,487896.9094689356,0.9908041915815139,116098.649724651,108189.38075136898,14.052236882408573,2.5802453610312237,2.0,0.6096096383761264
166,70.0,60.0,10.0,80.0,70.0,10.0,8257.116407009797,492148.48560424056,500505.108022182,1.0169798803864682,115246.8580980522,107344.31426838903,13.957276658981643,2.560091082881846,2.0,0.6092346654343758
167,71.0,60.0,11.0,80.0,70.0,10.0,8249.593650205989,491698.8197768447,511963.639327849,1.0412138869078462,114330.66303418316,106452.74564695441,13.858944801642245,2.5388277594066486,2.0,0.6086505722192049
168,72.0,60.0,12.0,80.0,70.0,10.0,8240.449394928894,491150.80464579805,525255.1802751479,1.0694376865654223,113507.63652659755,105619.9765948614,13.77444737376207,2.51896676687161,2.0,0.6079406455964997
169,73.0,60.0,13.0,80.0,70.0,10.0,8200.72950087471,491021.53674666997,538768.7554663862,1.0972405793767661,112648.28859320226,104801.17767016997,13.736374133689804,2.4994389526593483,2.0,0.6077603027749563
170,74.0,60.0,14.0,80.0,70.0,10.0,8173.644057718151,491047.8479723729,551113.9957851435,1.1223223929415327,111928.41131052418,104108.39590436402,13.69382010277695,2.4829165645560667,2.0,0.6077696579047387
171,75.0,60.0,15.0,80.0,70.0,10.0,8204.826500129739,493837.55053208687,564585.9005007226,1.1432623944704239,111865.53003470405,104017.28720963634,13.634112803352414,2.4807436822889897,2.0,0.6111608322067285
172,76.0,60.0,16.0,80.0,70.0,10.0,8212.847544047672,494479.95041259483,578352.5964430444,1.1696178903926562,111157.79789670659,103320.91847370825,13.534623320418154,2.4641357473145313,2.0,0.6119109655624578
173,77.0,60.0,17.0,80.0,70.0,10.0,8228.094842244167,494479.95040676696,594109.1770829752,1.201482843933817,110406.65081057667,102536.66900432324,13.418252089625145,2.4454319148198964,2.0,0.6118591863004181
174,78.0,60.0,18.0,80.0,70.0,10.0,8257.038646607536,494479.95041219593,608573.1681875051,1.2307337591346255,109751.5439127563,101834.32511104013,13.291877222574042,2.4286814762841864,2.0,0.6118051064415411
175,79.0,60.0,19.0,80.0,70.0,10.0,8304.39345722575,495122.35028082423,622563.8629694845,1.2573939807330003,109105.48470674091,101160.38552231646,13.138284604254507,2.4126084616745933,2.0,0.6125372733218791
176,80.0,60.0,20.0,80.0,70.0,10.0,8356.605347088553,495122.3502862344,637078.954729001,1.2867101522698385,108295.46969331472,100318.22894163308,12.959265777825076,2.392523582775398,2.0,0.612472973088571
177,70.0,65.0,5.0,80.0,70.0,10.0,8202.24603326244,491038.09023022326,538351.8629435555,1.0963545876678307,112682.18575469237,104834.24238895037,13.737967051675124,2.500227524390274,2.0,0.6077812474460355
178,71.0,65.0,6.0,80.0,70.0,10.0,8202.24603326244,491038.09023022326,538351.8629435555,1.0963545876678307,112682.18575469237,104834.24238895037,13.737967051675124,2.500227524390274,2.0,0.6077812474460355
179,72.0,65.0,7.0,80.0,70.0,10.0,8202.24603326244,491038.09023022326,538351.8629435555,1.0963545876678307,112682.18575469237,104834.24238895037,13.737967051675124,2.500227524390274,2.0,0.6077812474460355
180,73.0,65.0,8.0,80.0,70.0,10.0,8186.653944669701,491096.50820957776,544814.2914705423,1.1093833541126303,112309.03191581753,104477.4156961348,13.718551275633375,2.4917174431564666,2.0,0.6078418724234546
181,74.0,65.0,9.0,80.0,70.0,10.0,8167.302700933517,491208.70877503447,558085.985829396,1.1361483944800952,111561.83482633703,103759.14274416209,13.659569004781172,2.47458710707902,2.0,0.6079511578069562
182,75.0,65.0,10.0,80.0,70.0,10.0,8202.205212776958,493837.55053214484,570860.1324120372,1.1559674467785916,111512.35721130407,103666.79922079078,13.595411760436823,2.4723847749633787,2.0,0.611144066838138
183,76.0,65.0,11.0,80.0,70.0,10.0,8216.320238996112,494479.9504063499,584115.962092498,1.1812732985685015,110949.46506953806,103089.59545926322,13.503546824155203,2.4586188460181533,2.0,0.6118929518465266
184,77.0,65.0,12.0,80.0,70.0,10.0,8236.880302650152,494479.9504062984,599274.1354921197,1.2119280771641303,110133.12897500975,102254.84303520105,13.370733205820082,2.4387105513700327,2.0,0.6118405510735835
185,78.0,65.0,13.0,80.0,70.0,10.0,8275.05410727141,495122.3502861143,612563.7626603852,1.2371967500687568,109524.64946288115,101624.71467471012,13.235520643501323,2.423682405652595,2.0,0.6125787334222805
186,79.0,65.0,14.0,80.0,70.0,10.0,8321.752560620447,495122.3502809525,627739.5249000146,1.2678472796548363,108848.3584455648,100886.27650594921,13.079980166755806,2.40607114245725,2.0,0.6125148816088704
187,80.0,65.0,15.0,80.0,70.0,10.0,8384.441614141888,495122.3502865451,643820.5500555693,1.3003261712644707,108149.8843853195,100109.84252857085,12.898877392491471,2.387553704291285,2.0,0.6124415881156079
188,81.0,65.0,16.0,80.0,70.0,10.0,8455.71463576783,495764.750154599,658014.354731173,1.3272713611162918,107556.85003653956,99462.44067878026,12.720018906689694,2.3721135972489487,2.0,0.6131629546541696
189,82.0,65.0,17.0,80.0,70.0,10.0,8542.73733036816,495764.75015432277,674673.4825025231,1.360874249918957,106796.17861849142,98615.60411957146,12.501400252451507,2.351917103949189,2.0,0.6130778193609622
190,83.0,65.0,18.0,80.0,70.0,10.0,8640.553416835826,496407.15002924844,690599.2021354551,1.3911951149268595,106240.39275319461,97963.38876090488,12.295554188252433,2.336362197895515,2.0,0.6137831701032357
191,84.0,65.0,19.0,80.0,70.0,10.0,8748.671341793943,496407.1500290668,707559.5712302974,1.4253613615131586,105512.4201919268,97127.76574050165,12.060393638045973,2.3164331400989706,2.0,0.6136887171585689
192,85.0,65.0,20.0,80.0,70.0,10.0,8856.518678375305,496407.15003446327,723235.1156579502,1.456939360377342,104751.21040333441,96282.36221415331,11.82758307269224,2.2962708236875966,2.0,0.6135984183922217
193,75.0,70.0,5.0,80.0,70.0,10.0,8270.492659993135,495122.35027984605,610805.3476175995,1.2336452742890092,109697.87463890603,101786.34761876897,13.263765430752112,2.4275372447430974,2.0,0.6125857658510241
194,76.0,70.0,6.0,80.0,70.0,10.0,8270.492659993135,495122.35027984605,610805.3476175995,1.2336452742890092,109697.87463890603,101786.34761876897,13.263765430752112,2.4275372447430974,2.0,0.6125857658510241
195,77.0,70.0,7.0,80.0,70.0,10.0,8270.492659993135,495122.35027984605,610805.3476175995,1.2336452742890092,109697.87463890603,101786.34761876897,13.263765430752112,2.4275372447430974,2.0,0.6125857658510241
196,78.0,70.0,8.0,80.0,70.0,10.0,8291.753071362571,495122.3502801397,618488.6659938899,1.2491632939695605,109306.00053221865,101374.01806363909,13.182495859618811,2.417703456856975,2.0,0.6125544635498221
197,79.0,70.0,9.0,80.0,70.0,10.0,8343.148780001306,495122.3502805843,633611.1901785284,1.2797062984926109,108558.97863268942,100576.14730973821,13.011751497576967,2.398674765712265,2.0,0.6124887526212214
198,80.0,70.0,10.0,80.0,70.0,10.0,8411.905034145251,495764.750154599,648652.653459662,1.3083880071291605,107990.98161587314,99940.78906491022,12.837874557251977,2.383521890703415,2.0,0.6132087082201222
199,81.0,70.0,11.0,80.0,70.0,10.0,8483.556549903671,495764.75015470176,663583.0255680326,1.3385038475627073,107301.23159092259,99178.98076743897,12.648142434099878,2.365353265355031,2.0,0.6131350035849427
200,82.0,70.0,12.0,80.0,70.0,10.0,8570.581926696508,495764.750154599,679606.6131488635,1.3708247973195662,106576.00332916332,98367.7485502255,12.435095334330764,2.3460059121245465,2.0,0.6130517691365206
201,83.0,70.0,13.0,80.0,70.0,10.0,8671.29251858105,496407.15002893907,695574.5208481888,1.4012177721606929,106023.49471303642,97716.10403789153,12.2269539962868,2.3304646203793316,2.0,0.6137558393207292
202,84.0,70.0,14.0,80.0,70.0,10.0,8774.014500590334,496407.1500342346,711340.0626558951,1.4329770685350476,105278.6499162591,96884.64960282839,11.998914511615606,2.3106349805932345,2.0,0.6136671888134752
203,85.0,70.0,15.0,80.0,70.0,10.0,8890.493399524425,496407.15003445547,727971.8803080257,1.4664814563156423,104573.74845857835,96067.56126941455,11.762423496560075,2.2911479628545077,2.0,0.6135706216838833
204,86.0,70.0,16.0,80.0,70.0,10.0,9020.834119403222,497049.5499086238,745003.3454728626,1.4988512626353288,104045.06253354167,95407.23713675482,11.533862740004006,2.2753996678902566,2.0,0.6142597024119618
205,87.0,70.0,17.0,80.0,70.0,10.0,9158.750854755766,497049.5499040196,762536.5381855795,1.5341257995964899,103425.26529259223,94635.32725291542,11.292507781111624,2.256990126370762,2.0,0.6141528913558273
206,88.0,70.0,18.0,80.0,70.0,10.0,9306.538483310946,497691.9497778085,780128.0647562612,1.5674918292420532,102895.18614984733,93958.93881012205,11.056225290892556,2.240858708207056,2.0,0.614834413757749
207,89.0,70.0,19.0,80.0,70.0,10.0,9471.017760858533,497691.9497781518,799225.0556443044,1.6058629358995302,102183.92461972898,93084.41927629385,10.789117621765094,2.2200019942244054,2.0,0.6147130101656942
208,90.0,70.0,20.0,80.0,70.0,10.0,9630.460931431764,497691.9497780464,817028.7273931054,1.6416354087251608,101530.31996326143,92274.52404062996,10.542623108712085,2.200686527121904,2.0,0.6145979770300845
209,80.0,75.0,5.0,80.0,70.0,10.0,8639.018516569613,496407.15002828196,690347.1385473006,1.390687339027992,106248.46750487757,97973.60037300835,12.298673431604911,2.336605738107832,2.0,0.6137845461430315
210,81.0,75.0,6.0,80.0,70.0,10.0,8639.018516569613,496407.15002828196,690347.1385473006,1.390687339027992,106248.46750487757,97973.60037300835,12.298673431604911,2.336605738107832,2.0,0.6137845461430315
211,82.0,75.0,7.0,80.0,70.0,10.0,8639.018516569613,496407.15002828196,690347.1385473006,1.390687339027992,106248.46750487757,97973.60037300835,12.298673431604911,2.336605738107832,2.0,0.6137845461430315
212,83.0,75.0,8.0,80.0,70.0,10.0,8703.716982770788,496407.15002895833,700683.9707350063,1.411510633346299,105799.8571202727,97461.02168514923,12.155709719158608,2.324381074538018,2.0,0.6137274398230986
213,84.0,75.0,9.0,80.0,70.0,10.0,8813.188474811808,496407.15002972074,717062.0100154888,1.4445037908349168,105101.51917657974,96655.30196500484,11.925481847683283,2.3051651907261714,2.0,0.6136342972944274
214,85.0,75.0,10.0,80.0,70.0,10.0,8933.410200880891,497049.5499032091,733355.7762944958,1.4754178460423168,104584.52797365363,96017.93833159139,11.707122545804616,2.289964488522464,2.0,0.6143298687954986
215,86.0,75.0,11.0,80.0,70.0,10.0,9060.072025075397,497049.549902749,750090.2885271162,1.5090855402119894,103915.23811325709,95222.5811061138,11.469581900193814,2.270995743372536,2.0,0.61422843628618
216,87.0,75.0,12.0,80.0,70.0,10.0,9197.095496205395,497049.5499035048,767262.1706516314,1.543633166553686,103242.32884787652,94414.41374534997,11.225536245706374,2.251721484946565,2.0,0.6141229093907845
217,88.0,75.0,13.0,80.0,70.0,10.0,9349.392714046911,497691.94977709977,785184.5126002955,1.57765162356344,102706.3222630198,93727.2096916931,10.985346899452582,2.2353321215985584,2.0,0.6148025089840512
218,89.0,75.0,14.0,80.0,70.0,10.0,9505.996015106162,497691.94977688545,803185.4121995274,1.6138203813816843,102036.69742310427,92902.99280388703,10.733930170069057,2.21567509254011,2.0,0.6146875634192933
219,90.0,75.0,15.0,80.0,70.0,10.0,9671.51939282313,497691.9497774081,821516.6271831495,1.6506528336465387,101378.73875784197,92080.22158213417,10.482193607870064,2.19605254166336,2.0,0.6145687654386305
220,91.0,75.0,16.0,80.0,70.0,10.0,9844.952589281576,498334.3496519821,839949.9484504531,1.6855148537062365,100869.5587392824,91399.42146040122,10.245814575999216,2.179815907867222,2.0,0.6152393968927925
221,92.0,75.0,17.0,80.0,70.0,10.0,10034.194685204682,498334.34965692426,859651.4434575543,1.7250495456501784,100169.19484772571,90517.50941957238,9.982783670265453,2.158782887469262,2.0,0.61510861020001
222,93.0,75.0,18.0,80.0,70.0,10.0,10223.80550904405,498976.74953159655,878774.235542821,1.7611526716780912,99713.88248329706,89863.03310646258,9.753108311292644,2.1431740591436133,2.0,0.6157722668072313
223,94.0,75.0,19.0,80.0,70.0,10.0,10416.436045346227,498976.7495315852,897849.9822475637,1.7993824022670817,98991.59730070074,88974.24404437644,9.503403742869176,2.1219770263252693,2.0,0.6156357139958333
224,95.0,75.0,20.0,80.0,70.0,10.0,10633.834627837305,498976.749526612,918909.3995124738,1.841587609811999,98390.48496920748,88139.61755279209,9.252587463758406,2.10207173508367,2.0,0.6154634052950253
225,85.0,80.0,5.0,80.0,70.0,10.0,9283.740785768638,497691.94977659674,777412.5570578098,1.5620356274735279,102995.8764876062,94082.7589621568,11.094221485103514,2.243811737151958,2.0,0.6148515774756704
226,86.0,80.0,6.0,80.0,70.0,10.0,9283.740785768638,497691.94977659674,777412.5570578098,1.5620356274735279,102995.8764876062,94082.7589621568,11.094221485103514,2.243811737151958,2.0,0.6148515774756704
227,87.0,80.0,7.0,80.0,70.0,10.0,9283.740785768638,497691.94977659674,777412.5570578098,1.5620356274735279,102995.8764876062,94082.7589621568,11.094221485103514,2.243811737151958,2.0,0.6148515774756704
228,88.0,80.0,8.0,80.0,70.0,10.0,9387.071505451324,497691.9497772957,789581.4403539461,1.5864862606422776,102539.6406048268,93523.66598069927,10.923496273068686,2.2304777383641645,2.0,0.6147746065585623
229,89.0,80.0,9.0,80.0,70.0,10.0,9541.392114729286,497691.94977740373,807160.6698191738,1.6218077671945108,101892.64149287337,92723.66198001523,10.679012063195595,2.2113981706909267,2.0,0.6146619369639125
230,90.0,80.0,10.0,80.0,70.0,10.0,9711.303149618254,498334.3496514961,825655.1872282628,1.6568297726329209,101369.36053376755,92032.15530352465,10.438286084988741,2.1949061926266715,2.0,0.6153333520953305
231,91.0,80.0,11.0,80.0,70.0,10.0,9890.525187559027,498334.3496511554,844748.729479774,1.6951444949984202,100704.7664492473,91189.12228721916,10.181943277988976,2.1748004113160517,2.0,0.6152076731048326
232,92.0,80.0,12.0,80.0,70.0,10.0,10074.68204552452,498334.3496523275,863793.6134512748,1.7333615755243783,100048.9791743702,90352.46749899628,9.930733170761949,2.154846746537641,2.0,0.6150809493123438
233,93.0,80.0,13.0,80.0,70.0,10.0,10266.756226464979,498976.74952594086,883064.4145099367,1.7697506253525903,99553.28015684994,89664.57213186877,9.69666347976861,2.1384408958194028,2.0,0.6157433831991443
234,94.0,80.0,14.0,80.0,70.0,10.0,10469.064303007835,498976.7495255859,902992.809714843,1.8096891499922292,98907.05864827945,88817.27351233839,9.447554794353756,2.1182333826857835,2.0,0.6155937663446079
235,95.0,80.0,15.0,80.0,70.0,10.0,10665.413168118566,498976.74953164096,921929.7399345383,1.8476406782478292,98251.66880414565,87980.5041230237,9.21217652381654,2.0982769847469327,2.0,0.6154385797242333
236,96.0,80.0,16.0,80.0,70.0,10.0,10882.989704220967,499619.1494010662,942503.7193017947,1.8864443455212836,97797.51293357754,87297.61514462042,8.986272668772882,2.0819905330971746,2.0,0.616062402699331
237,97.0,80.0,17.0,80.0,70.0,10.0,11112.80413133805,499619.1494005048,963845.4061651158,1.9291602560102794,97151.77278064656,86423.61122220237,8.742327465907461,2.06114611610652,2.0,0.6158850367318841
238,98.0,80.0,18.0,80.0,70.0,10.0,11340.86993208963,499619.14939989685,984660.4043932359,1.9708219862587981,96530.89633005923,85577.97957280221,8.511771751911168,2.0409783591108472,2.0,0.615711023761289
239,99.0,80.0,19.0,80.0,70.0,10.0,11577.09016777919,500261.54927984613,1005949.3595082026,2.0108468479264934,96063.9102450924,84871.89554635098,8.297759527903905,2.0241387208663517,2.0,0.6163254728261197
240,100.0,80.0,20.0,80.0,70.0,10.0,11833.625178435133,500261.54927393154,1028676.540120414,2.056277444495609,95413.86034648278,83969.86505928596,8.062944271748533,2.002625888797306,2.0,0.6161336319252442
241,90.0,85.0,5.0,80.0,70.0,10.0,10160.933832000374,498976.7495249909,872451.4874175687,1.7484812433607642,99900.11263517098,90117.32571993592,9.831784586624332,2.1492387702243336,2.0,0.6158147426480052
242,91.0,85.0,6.0,80.0,70.0,10.0,10160.933832000374,498976.7495249909,872451.4874175687,1.7484812433607642,99900.11263517098,90117.32571993592,9.831784586624332,2.1492387702243336,2.0,0.6158147426480052
243,92.0,85.0,7.0,80.0,70.0,10.0,10160.933832000374,498976.7495249909,872451.4874175687,1.7484812433607642,99900.11263517098,90117.32571993592,9.831784586624332,2.1492387702243336,2.0,0.6158147426480052
244,93.0,85.0,8.0,80.0,70.0,10.0,10303.05326750372,498976.7495256639,886672.2177745294,1.7769810289104966,99432.3469630861,89508.32711282809,9.65076510636901,2.1347145551863007,2.0,0.6157190563994049
245,94.0,85.0,9.0,80.0,70.0,10.0,10505.633912658086,498976.74952556624,906549.0329176238,1.8168161818753734,98790.05702875758,88664.6929970697,9.40353127189468,2.11459443805026,2.0,0.6155647093770366
246,95.0,85.0,10.0,80.0,70.0,10.0,10708.240219790172,499619.1494054628,925994.9806049253,1.8534016994881835,98268.50912831376,87952.31589778686,9.176905552296185,2.097604714170117,2.0,0.6161987039372625
247,96.0,85.0,11.0,80.0,70.0,10.0,10927.536784063439,499619.1494002972,946671.8382999584,1.894786938083273,97670.50638888092,87126.2438652713,8.93801671126124,2.077903441134141,2.0,0.6160278175469501
248,97.0,85.0,12.0,80.0,70.0,10.0,11149.334332625167,499619.14940079453,967202.5550086752,1.9358796718834035,97050.5331160216,86286.39547261549,8.70460336201709,2.0578736109967477,2.0,0.6158570581851827
249,98.0,85.0,13.0,80.0,70.0,10.0,11381.012048367293,500261.54927467974,988338.357598392,1.9756432590739106,96559.84838392845,85565.55562702617,8.484293661544873,2.040682056199862,2.0,0.6164738844417581
250,99.0,85.0,14.0,80.0,70.0,10.0,11616.242569067846,500261.54927978583,1009439.4471116385,2.0178233737230125,95906.3449998007,84690.9745016081,8.2562278145933,2.019823873298423,2.0,0.6162961974675306
251,100.0,85.0,15.0,80.0,70.0,10.0,11864.528371184242,500261.5492795943,1031392.4776773123,2.0617064796656415,95295.01098791884,83832.06532156456,8.031925754365835,1.9993394559557678,2.0,0.616110610378973
252,101.0,85.0,16.0,80.0,70.0,10.0,12120.22994348902,500903.949153966,1053798.9211971299,2.103794396065376,94872.37473052814,83138.10625907517,7.827605183472079,1.9827889901032199,2.0,0.6167139880741372
253,102.0,85.0,17.0,80.0,70.0,10.0,12392.259894397483,500903.9491534588,1077246.740340221,2.1506054048102374,94258.45114967486,82250.27352903064,7.606235824047632,1.9616147651731999,2.0,0.6165137404110621
254,103.0,85.0,18.0,80.0,70.0,10.0,12657.408110468445,500903.9491540458,1099834.972175124,2.195700341417923,93671.7069047827,81399.30332379468,7.400544099333457,1.9413196871425578,2.0,0.6163202472942
255,104.0,85.0,19.0,80.0,70.0,10.0,12914.644762130987,501546.3490282139,1121666.9228106262,2.23641728223911,93159.11083728455,80653.3403809222,7.213447412076768,1.9235289630485617,2.0,0.6169263398997074
256,105.0,85.0,20.0,80.0,70.0,10.0,13197.462644062063,501546.34902828356,1145296.4774813047,2.2835306840539245,92550.21128980834,79769.11018911439,7.012727657270504,1.9024406562789806,2.0,0.6167224827226139
257,95.0,90.0,5.0,80.0,70.0,10.0,11244.355274227399,500261.549273271,975930.1989602321,1.9508399163956616,96920.01901474551,86062.30619691976,8.619437633466708,2.05252922959762,2.0,0.6165776769715039
258,96.0,90.0,6.0,80.0,70.0,10.0,11244.355274227399,500261.549273271,975930.1989602321,1.9508399163956616,96920.01901474551,86062.30619691976,8.619437633466708,2.05252922959762,2.0,0.6165776769715039
259,97.0,90.0,7.0,80.0,70.0,10.0,11244.355274227399,500261.549273271,975930.1989602321,1.9508399163956616,96920.01901474551,86062.30619691976,8.619437633466708,2.05252922959762,2.0,0.6165776769715039
260,98.0,90.0,8.0,80.0,70.0,10.0,11422.159836974386,500261.54927393154,992052.2772046778,1.9830672148289636,96450.53754833897,85415.77900564781,8.444159329317154,2.0371099825839627,2.0,0.6164427026302447
261,99.0,90.0,9.0,80.0,70.0,10.0,11665.127891586719,500261.54927393154,1013786.2056936602,2.0265123457220464,95829.06709349502,84552.94859891817,8.215003554535407,2.016532046571581,2.0,0.6162596154476893
262,100.0,90.0,10.0,80.0,70.0,10.0,11912.825224613953,500261.54927467974,1035628.1072624024,2.070173309869489,95214.2822047867,83693.56899188686,7.9925861757845285,1.9960364098555967,2.0,0.6160746804508046
263,101.0,90.0,11.0,80.0,70.0,10.0,12168.634225129917,500903.9491533948,1057992.7620794028,2.1121669411222936,94767.50838284825,82982.8349951977,7.787850849123248,1.9790858728883982,2.0,0.6166782532642429
264,102.0,90.0,12.0,80.0,70.0,10.0,12421.414365697843,500903.94914861943,1079742.4836016593,2.1555878835391193,94149.6641263017,82124.43312271965,7.5796251018160365,1.9586135544965215,2.0,0.6164924810824407
265,103.0,90.0,13.0,80.0,70.0,10.0,12690.308987584885,501546.34902816394,1102752.3497477958,2.1987047695284323,93694.58919675818,81396.68078951791,7.383160590370256,1.9412571414300785,2.0,0.6170890589930155
266,104.0,90.0,14.0,80.0,70.0,10.0,12971.032729711767,501546.3490231639,1126396.8652026162,2.2458480006811765,93071.94367045331,80501.07929174464,7.175368809089536,1.9198976365145939,2.0,0.6168855980421806
267,105.0,90.0,15.0,80.0,70.0,10.0,13251.614399031565,501546.3490221752,1149795.2055574115,2.29250039961227,92489.32713812464,79640.13294906188,6.9794761870586735,1.8993646341868597,2.0,0.6166835969080466
268,106.0,90.0,16.0,80.0,70.0,10.0,13541.566536511053,501546.34902760125,1173753.2996291695,2.3402688543239205,91899.10740788165,78764.49570004432,6.786445804486606,1.8784812634342722,2.0,0.6164761520863601
269,107.0,90.0,17.0,80.0,70.0,10.0,13831.918704400226,502188.7489021538,1197720.5251357683,2.385000714878882,91437.155399909,78017.85495993709,6.610590862627099,1.8606743743233531,2.0,0.6170619884381533
270,108.0,90.0,18.0,80.0,70.0,10.0,14140.518207175548,502188.74890224857,1222810.0944521637,2.434961151808251,90873.03459367322,77141.93165836774,6.426428880630419,1.8397841814061073,2.0,0.6168436734551771
271,109.0,90.0,19.0,80.0,70.0,10.0,14452.87203187422,502188.7489021689,1248010.6282017152,2.485142550345825,90348.9760317607,76293.50600594633,6.25128180976805,1.8195497892815131,2.0,0.6166238331701333
272,110.0,90.0,20.0,80.0,70.0,10.0,14762.667372294267,502831.1487765225,1273039.6793033725,2.5317438714783367,89904.07582647452,75542.50229747823,6.089961492677222,1.8016388462533313,2.0,0.6171990252759568